,name,keyname,keymode,tempo,label
0,Q3_7JIdJLkJ0S4_1,A#,2,121.558968807091,Q3
1,Q1_2Z9SjI131jA_7,C,1,121.57527690414301,Q1
2,Q3_nBIls0laAAU_1,a,1,121.51072060848499,Q3
3,Q4_8TYY0qG-KOw_0,F#,2,121.945453010217,Q4
4,Q3_K84TcgjCRt4_0,A,1,121.830023828435,Q3
5,Q1_doM_LWo-74A_4,D,1,121.57500769046699,Q1
6,Q3_Ie5koh4qvJc_8,d#,2,121.0660250775,Q3
7,Q2_1kny88W533Q_4,a,1,121.709769581834,Q2
8,Q4_V_jbWvQNh5c_0,F#,2,121.83739383548,Q4
9,Q4_GAvPwG2wYZM_0,E,1,122.010997643362,Q4
10,Q2_fuCxYrru2S4_1,d,1,121.78314371952601,Q2
11,Q2_dtS02mrDMsM_4,c#,1,121.93874116459101,Q2
12,Q4_GbUV3TXUzeQ_0,B,2,121.544184176133,Q4
13,Q2_lalnGhxT3PQ_0,d#,2,121.92948664266001,Q2
14,Q4_sA9ac1rod84_0,e,1,122.02043232340901,Q4
15,Q2_08t73Qgjkt4_1,B,2,122.214426450094,Q2
16,Q3_x4B0raxVODA_2,d#,2,121.52199762187901,Q3
17,Q4_1Qc15G0ZHIg_0,A,1,122.527978933509,Q4
18,Q1_sUJ4a74Skk8_0,A,1,122.086767502944,Q1
19,Q2_Iq6g_4AwUWs_1,f,2,122.46601733918399,Q2
20,Q4_iHPKusssXzk_2,G#,2,121.530846151291,Q4
21,Q2_38i12IPkL5c_2,e,1,121.966961198617,Q2
22,Q4_xgtwQGeB6_0_0,D,1,121.042840654491,Q4
23,Q2_cm6E860vDjY_2,d,1,122.46588537486,Q2
24,Q4_ldCQ6N9G6Mk_5,E,1,120.921747479597,Q4
25,Q4_Ie5koh4qvJc_17,g,2,121.91005181347201,Q4
26,Q2_jIKX3ShvLxo_2,a,1,121.759450171821,Q2
27,Q2_pouxqiySdI8_0,A,1,122.025583542134,Q2
28,Q2_S7Bo4-NCEDk_1,g#,2,121.938414941948,Q2
29,Q4_HYVmgq5Y93g_1,c#,1,121.210084033613,Q4
30,Q2_dtS02mrDMsM_3,C#,2,122.005221932115,Q2
31,Q4_vpTguZtJAFA_0,d#,2,121.72203744534599,Q4
32,Q1_gwmVjvR-sVs_0,D,1,122.096069868996,Q1
33,Q1_KxlqB3j0zys_1,E,1,122.853604161506,Q1
34,Q1_Ie5koh4qvJc_6,E,1,121.109719680185,Q1
35,Q2_9v2WSpn4FCw_8,G,1,122.214426450094,Q2
36,Q2_D-gDPh9ZpFk_2,b,1,122.02460456941999,Q2
37,Q1_eVMSeElk81Q_0,a,1,123.726647796199,Q1
38,Q4_heBmBQDWj-M_0,B,2,121.80161864174801,Q4
39,Q1_VXgRfsVd_o0_1,C,1,121.398143091207,Q1
40,Q2_sEQf5lcnj_o_3,A#,2,121.541394882087,Q2
41,Q4_Hwd6l9jK7bo_1,G,1,122.078578194777,Q4
42,Q3_PLfFWFZflQU_1,a,1,121.617863914051,Q3
43,Q4_FoTXpYZXxJs_0,g,2,120.944359053182,Q4
44,Q3_RL_cmmNVLfs_0,G#,2,121.40599255507401,Q3
45,Q2_48EYLEAgaBc_1,f,2,121.953204476094,Q2
46,Q3_wS0RzrBL9UI_0,f,2,121.188517190684,Q3
47,Q3_uj3Gif77SYM_3,a#,2,121.50273936864099,Q3
48,Q2_61EA0xRX8gE_4,c#,2,121.86921953594,Q2
49,Q3_UuLTvhERcnk_0,a,1,121.20495789969101,Q3
50,Q1_HY9vPoHbgaI_2,A#,2,121.90807453416201,Q1
51,Q1_94ROf10d1iA_1,F#,2,121.89077181896499,Q1
52,Q4_kMHiU0fhWVw_1,f#,1,122.025049439684,Q4
53,Q3_wfXSdMsd4q8_1,A,1,121.91768279995001,Q3
54,Q4_I2MrA-o5H8I_2,G,1,121.507804064003,Q4
55,Q2_wfXSdMsd4q8_5,A,1,121.466721838495,Q2
56,Q3_Ie5koh4qvJc_15,a,1,121.098241098241,Q3
57,Q3_FUAK5TBaNY8_3,f,2,121.824589190259,Q3
58,Q3_FOcdHIhI0_s_1,a,1,120.752928873711,Q3
59,Q1_jziI_cuN_H8_0,d,1,122.39103362391,Q1
60,Q1_r6laJv1-HMg_0,F#,2,121.58666758487699,Q1
61,Q1_3N2G21U7guk_5,G#,2,122.213894494091,Q1
62,Q3_nBIls0laAAU_0,a,1,121.545634454768,Q3
63,Q4_sA9ac1rod84_1,G,1,121.94323788639099,Q4
64,Q1_TNoaOTrTkTQ_0,D#,2,121.621849922568,Q1
65,Q3_ilCcZpD39HU_1,F,1,121.82618000237801,Q3
66,Q4_mGYKWCVnMwQ_0,D#,2,121.239242685026,Q4
67,Q1_yFw_kO7DF-Y_2,G,1,121.296822671882,Q1
68,Q4_Tc684nD8CEA_3,D#,2,121.975562700965,Q4
69,Q3_BzqX-9TA-GY_0,C,1,122.404759419685,Q3
70,Q1_2Z9SjI131jA_9,F,1,121.66708874498,Q1
71,Q4_9eMxCs-LXCE_2,C,1,121.54496077248001,Q4
72,Q3_NTI9ode6bRk_1,B,1,121.50795209110599,Q3
73,Q2_QmK_SND2jAw_0,c,2,121.617863914051,Q2
74,Q4_MT2_mXn-vGU_2,E,1,121.641142531519,Q4
75,Q3_D3onzY4MNxE_1,E,1,121.637875879719,Q3
76,Q3_wqc8iqbDsGM_1,c,2,121.95006347862899,Q3
77,Q4_Gcbk0GPT3-g_0,D,1,121.46737572843399,Q4
78,Q2_2uLw9Zs60A4_0,g#,2,121.87782713232001,Q2
79,Q3_P-We4q3goKU_0,e,1,121.622992392223,Q3
80,Q2_D5kyjnlDNZs_2,c,2,122.106417992321,Q2
81,Q4_7yW9c7t8Hq0_0,F,1,122.50081406707899,Q4
82,Q2_Q5b5unyP8BM_0,f#,1,121.673688798489,Q2
83,Q4_rW1I58_lMEg_2,c,2,122.012754433476,Q4
84,Q4_k6aLLVX1D7Y_0,C,1,121.534618843041,Q4
85,Q1_2Z9SjI131jA_12,C,1,122.003739618211,Q1
86,Q1_GbUV3TXUzeQ_2,D,1,121.92948664266001,Q1
87,Q3_TonQX8XbvX8_1,e,1,121.585248383102,Q3
88,Q4_KxlqB3j0zys_3,D,1,121.325737959606,Q4
89,Q2_9v2WSpn4FCw_1,F,2,121.930214049345,Q2
90,Q3_0lEL_XHyhuU_3,b,1,122.18533624205601,Q3
91,Q4_Y1F0c3zgMJo_0,f#,1,121.18518518518499,Q4
92,Q3_wlOa1jkTn_U_0,f,1,121.27811832579799,Q3
93,Q2_qlbazHayULg_2,d,1,121.662637560888,Q2
94,Q2_yrvKReuwVlY_2,C#,2,121.42530157748199,Q2
95,Q2_x5ibvz38jOs_0,f,2,122.10142283838002,Q2
96,Q4_I2MrA-o5H8I_0,G,1,121.643249411597,Q4
97,Q4_jCLgDtk695I_2,d#,2,122.229210004354,Q4
98,Q2_qlbazHayULg_5,e,1,121.534772182254,Q2
99,Q3_fnqb8zqHqdY_0,A,1,121.228636181842,Q3
100,Q3_16OaOpfOPZ0_0,F,1,121.288446482496,Q3
101,Q2_WQrPcuy50aA_0,g,1,121.459937268321,Q2
102,Q2_DYBBfpEx-JI_0,A,1,121.222086670556,Q2
103,Q2_Uu-oRTRT6uQ_0,A,1,121.86929536327101,Q2
104,Q1_vv6nrZ2myXw_0,G#,2,121.878899082569,Q1
105,Q1_Wy2-my19YnY_0,F,1,122.214000864844,Q1
106,Q2_16OaOpfOPZ0_2,f,1,121.18066053447399,Q2
107,Q3_D8Ed5PZXfF4_0,a,1,121.34662029866399,Q3
108,Q3_yZGBxiNPu3k_1,g,2,121.941600303375,Q3
109,Q1_7yW9c7t8Hq0_3,g,1,121.517986559494,Q1
110,Q2_JMt4m608s3k_0,d,1,121.86906789973301,Q2
111,Q2_DYBBfpEx-JI_2,b,1,121.670594206577,Q2
112,Q2_z5ewpQwGDNw_2,e,1,121.66251758848401,Q2
113,Q4_j8Ir-ssM-AA_1,A#,2,122.003739618211,Q4
114,Q1_TNoaOTrTkTQ_1,G,1,121.952542372881,Q1
115,Q3_0c2dTJTDUR4_0,b,1,122.01029578570801,Q3
116,Q4_JT1XJnVmABo_1,B,2,121.623564230851,Q4
117,Q4_NP0lwB-_-og_0,C,1,121.772648586267,Q4
118,Q2_yhIncZ_Ue4E_1,a#,2,122.08261773479201,Q2
119,Q4_aQ4PIaRMLwE_0,a,1,121.625683542071,Q4
120,Q2_f2BXXa7lPuE_0,d,1,121.77237586061001,Q2
121,Q3_qlbazHayULg_3,e,1,121.55324097482,Q3
122,Q2_78C_TpQDvVE_0,G#,2,123.00019532521699,Q2
123,Q4_a5QCcwEjxAk_1,a,1,121.852611265227,Q4
124,Q2_ZTrEoB8T9YA_0,f,2,121.768295022833,Q2
125,Q1_UYh88SRZC24_1,f#,1,122.05659198429,Q1
126,Q3_VrWAZLRdQO8_1,e,1,121.527446300716,Q3
127,Q4_UaYYMRkHMYc_2,G#,2,121.89349112426001,Q4
128,Q4_jCLgDtk695I_1,B,2,122.159224028865,Q4
129,Q2_snfsc7pEzlk_0,e,1,123.16049382716001,Q2
130,Q3_IH2KrGjKXw0_2,G#,2,122.00557103064101,Q3
131,Q4_hoPp_GLXQis_0,a,1,121.259911412479,Q4
132,Q4_TOXg4-ZGb-g_2,C,1,121.643425229145,Q4
133,Q4_2Z9SjI131jA_6,G,1,121.44737255394699,Q4
134,Q1_Jn9r0avp0fY_1,C#,2,121.929082764684,Q1
135,Q1_7yW9c7t8Hq0_2,g,1,123.025806027973,Q1
136,Q2_Ie5koh4qvJc_30,b,1,121.080827508561,Q2
137,Q2_miqLU2739dk_0,c,2,122.08742921857299,Q2
138,Q2_0J7lX-Tcx-w_1,d,1,121.821559868759,Q2
139,Q4_Dw7M69CidJ8_1,c,2,121.512555391433,Q4
140,Q4_--2B4d4lQhs_3,F,1,122.235916347227,Q4
141,Q2_bfopzItCYrE_1,C,1,121.953618518676,Q2
142,Q3_77z6Ep3aOmg_0,f#,1,121.47583512154499,Q3
143,Q2_0J7lX-Tcx-w_2,c#,1,122.57343907070299,Q2
144,Q4_J6X3rVU1H-c_0,E,1,123.346891342243,Q4
145,Q1_e838BE_MH6s_1,D#,2,123.34737759697799,Q1
146,Q4_Tc684nD8CEA_2,D#,2,122.006881233396,Q4
147,Q2_aYe-2Glruu4_2,F,2,122.149454240135,Q2
148,Q1_JT1XJnVmABo_2,G#,2,121.732395954735,Q1
149,Q2_AWNbcxXDmt0_0,E,1,122.008543283062,Q2
150,Q2_Ie5koh4qvJc_10,g,2,121.675331757862,Q2
151,Q1_6kRPHamGDSo_1,D,2,123.21294101241101,Q1
152,Q4_iHPKusssXzk_1,D#,2,121.891936278535,Q4
153,Q2_8TYY0qG-KOw_1,F#,2,122.31522885997101,Q2
154,Q1_s5b8viFsVJE_1,A,1,121.464251668256,Q1
155,Q3_uj3Gif77SYM_5,a#,2,122.013458009263,Q3
156,Q3_OO7zYVeK814_1,A,1,121.68046387805,Q3
157,Q1__kJtgm1OUNA_0,a#,2,121.95910037838499,Q1
158,Q3_yZGBxiNPu3k_2,c,2,121.80528893241899,Q3
159,Q4_cXxGBDgFCs8_1,G#,2,122.15206426303001,Q4
160,Q4_XC_SiJszQx0_0,F,1,121.122697592827,Q4
161,Q4_5DqIntcmdRI_0,G#,2,121.120159467146,Q4
162,Q4_-_FjI4bT2Wo_0,E,1,121.292131680781,Q4
163,Q4_prUUays30Mg_0,G,1,121.45353605450799,Q4
164,Q4_TOXg4-ZGb-g_1,a,1,121.838566811635,Q4
165,Q2_9v2WSpn4FCw_4,g,2,121.10921214163601,Q2
166,Q4_9v2WSpn4FCw_9,f,2,121.70919881305599,Q4
167,Q3_wS0RzrBL9UI_2,f,2,121.112076455256,Q3
168,Q1_aYe-2Glruu4_3,D#,2,122.01090988435499,Q1
169,Q3_Oku8sIpTMAE_1,d,1,121.769789146215,Q3
170,Q3_vVTP0DOL_2Q_3,c#,1,121.622021190468,Q3
171,Q3_x4B0raxVODA_1,D#,2,121.600611344611,Q3
172,Q2_OCqMDeD6Fmc_0,c,2,121.77442335091801,Q2
173,Q2_jrVXitpLGMk_2,f#,1,122.254403131116,Q2
174,Q4_jNzZCplNNyY_0,G#,2,121.408614312353,Q4
175,Q1_bIx4DwkZxFY_0,E,1,122.08582292232501,Q1
176,Q1_qlbazHayULg_8,C,1,121.710023379226,Q1
177,Q4_VCSDjQxAJzc_2,G,1,122.208906572072,Q4
178,Q4_Cir1kZyB7QM_1,E,1,122.44560025475,Q4
179,Q1_Ie5koh4qvJc_12,G,1,120.9909251215,Q1
180,Q2_WBxql6cuU7c_0,B,1,121.400182315406,Q2
181,Q1_pNwQ9Tu_bCs_1,f#,1,121.81274586939399,Q1
182,Q1_2Z9SjI131jA_1,C,1,121.966289737572,Q1
183,Q3_X1p8xcarVu0_3,d#,2,122.209224278454,Q3
184,Q3_7JIdJLkJ0S4_2,d#,2,121.473145780051,Q3
185,Q2_REq37pDAm3A_2,D#,2,122.43256084041599,Q2
186,Q1_WpZ1rWHOCAQ_1,d,1,123.976870630879,Q1
187,Q1_1Qc15G0ZHIg_2,A,1,121.624938289019,Q1
188,Q2_JMt4m608s3k_2,d,1,121.888369805754,Q2
189,Q2_kKFwiXKlhC8_1,g,2,121.538923955516,Q2
190,Q4_ltNK_MY1HkM_1,E,1,121.846523742737,Q4
191,Q2_z5ewpQwGDNw_0,e,1,122.84655300222401,Q2
192,Q1_sZe3IB1OVfw_0,F#,2,121.943975700304,Q1
193,Q2_9v2WSpn4FCw_7,g,2,121.869902203465,Q2
194,Q4_6kRPHamGDSo_2,g,1,123.33937241829099,Q4
195,Q1_94ROf10d1iA_0,C#,2,121.57516920763001,Q1
196,Q2_l-4Kce3YxxQ_3,f,2,121.88891166222601,Q2
197,Q4_-_FjI4bT2Wo_2,E,1,122.30653719091002,Q4
198,Q3_4Er-eFHSHA4_0,c,2,121.824661439772,Q3
199,Q3_g-yM0Lsp4lc_1,G,1,122.84831252318001,Q3
200,Q2_gvWDOIiocuE_1,g,2,121.18026740433399,Q2
201,Q4_u_7b9CwyM8Q_0,F,1,121.473993986309,Q4
202,Q4_nGkpcWNAxDU_2,f,2,122.999414176919,Q4
203,Q1_doM_LWo-74A_1,A,1,121.637410276455,Q1
204,Q4_rDhbGjFlKF8_1,a,1,121.95801818645398,Q4
205,Q1_8rupdevqfuI_0,C#,2,121.63207480342899,Q1
206,Q4_12tDlCQVRtA_2,E,1,121.420599932176,Q4
207,Q3_tfuul78deOs_1,G,1,121.589568457001,Q3
208,Q1_bQS8eAXAhyE_0,G,1,121.539489509555,Q1
209,Q4_KxlqB3j0zys_2,D,1,121.724292770543,Q4
210,Q3_f0NbGeyJYms_0,A,1,121.227817745803,Q3
211,Q4_lTxVVdhFE6Q_0,A,1,121.368171021378,Q4
212,Q1_Wy2-my19YnY_1,D,1,122.249670458429,Q1
213,Q2_3ZnxqCZ7qGg_2,a,1,122.047726969737,Q2
214,Q4_1vjy9oMFa8c_1,D#,2,122.63494967978001,Q4
215,Q1_o5AIp2Yc01M_1,F,1,121.661977926856,Q1
216,Q3_0vLPYiPN7qY_3,c,2,121.28657583203001,Q3
217,Q2_x5ibvz38jOs_1,f,2,122.069708947179,Q2
218,Q3_ilCcZpD39HU_3,d,1,121.837540375643,Q3
219,Q2_P-We4q3goKU_6,c,2,121.127173992808,Q2
220,Q3_bbU31JLtlug_1,e,1,121.44737255394699,Q3
221,Q4__BK2o77sTc0_2,f#,1,121.284674788815,Q4
222,Q3_FH28sPhm9Dc_0,G#,2,121.580951727451,Q3
223,Q3_wlOa1jkTn_U_1,f,1,121.50879146065901,Q3
224,Q4_NzJjMGJg1wE_0,F#,2,121.218467396478,Q4
225,Q4_V3Y9L4UOcpk_0,E,1,121.25432125649901,Q4
226,Q2_qlbazHayULg_12,b,1,121.94973343488199,Q2
227,Q2_ItGNJM6skM4_1,f,2,121.367846117312,Q2
228,Q4_Dw7M69CidJ8_2,f,2,121.54739917391399,Q4
229,Q1_VXgRfsVd_o0_2,g,2,122.062114024881,Q1
230,Q4_7gifuoofgpk_0,D#,2,121.36468637090599,Q4
231,Q2_ezoAduuCkUs_0,g,1,121.772921395868,Q2
232,Q2_Iq6g_4AwUWs_0,g,2,121.62619988706999,Q2
233,Q4_3N2G21U7guk_4,G#,2,122.151762783096,Q4
234,Q2_XC_SiJszQx0_1,F,1,121.44974044360501,Q2
235,Q3_0lEL_XHyhuU_1,b,1,121.96335747763099,Q3
236,Q4_vBHoSz8cJIE_1,B,2,121.683779734717,Q4
237,Q3_ii1Jw1-7Ka4_2,c,2,121.668718765843,Q3
238,Q1__8v0MFBZoco_0,e,1,121.111620389356,Q1
239,Q2_48EYLEAgaBc_0,C#,2,121.178185165299,Q2
240,Q4_TcFVq0leii4_0,C,1,121.720944129071,Q4
241,Q1_im4Qxn3GQvo_2,A,1,121.566920565832,Q1
242,Q4_jCLgDtk695I_0,F#,2,122.41636077608801,Q4
243,Q4_OyaY4213c2A_1,D,1,121.81897130225401,Q4
244,Q2_dtS02mrDMsM_1,g,2,121.77183066097601,Q2
245,Q1__kJtgm1OUNA_1,a#,2,122.082806002531,Q1
246,Q4_fShAWhXIits_0,d,1,121.19359685023001,Q4
247,Q3_nBao46YGZDg_0,A,1,120.717846460618,Q3
248,Q4_Hwd6l9jK7bo_0,E,1,121.82842631537201,Q4
249,Q4_jSWItJI-Gmk_0,g,2,121.168594035301,Q4
250,Q1_94ROf10d1iA_3,F#,2,121.49644399701201,Q1
251,Q2_jO2zX6Ul8GM_1,b,1,121.781213761113,Q2
252,Q3_G4rL_OtfFAU_0,a#,2,121.62425096933399,Q3
253,Q4_Y1F0c3zgMJo_1,E,1,121.82105595953199,Q4
254,Q4_aQ4PIaRMLwE_2,a,1,121.095577746077,Q4
255,Q1_9v2WSpn4FCw_10,G#,2,122.13639946219101,Q1
256,Q2_1kny88W533Q_0,a,1,121.92763020288601,Q2
257,Q3_Ie5koh4qvJc_25,G,1,121.01818503215,Q3
258,Q4_VXh4IaR5C6s_0,G,1,121.346974568839,Q4
259,Q1_1Qc15G0ZHIg_1,A,1,121.82987848463199,Q1
260,Q1_yFw_kO7DF-Y_0,F,1,121.75971893378099,Q1
261,Q2_ZTrEoB8T9YA_2,D#,2,122.012842353558,Q2
262,Q2_f2BXXa7lPuE_1,d,1,121.81274586939399,Q2
263,Q2_qlbazHayULg_7,C,1,121.34496949884701,Q2
264,Q1_zHwJG8Rrx6c_0,D#,2,122.407397732616,Q1
265,Q2_1kny88W533Q_2,C,1,121.11576551490299,Q2
266,Q2_S1T3UF1vhSk_2,g#,2,121.954032736833,Q2
267,Q2_DhnX54kOW8U_0,F,1,121.88790560472,Q2
268,Q4_Xf2fox7zhCQ_1,C#,2,121.87912894543699,Q4
269,Q3_zMa78n8ULtE_1,F,1,121.714285714286,Q3
270,Q3_Oku8sIpTMAE_4,A,1,121.653331419755,Q3
271,Q4_gwmVjvR-sVs_2,C,1,123.569879144716,Q4
272,Q4_f2b4kpdw7_c_1,g,2,121.02507062932399,Q4
273,Q2_5CEAeMiXKaA_0,c,2,122.236458940012,Q2
274,Q4_xrhWli_R98g_2,D,1,122.39937516271799,Q4
275,Q4_170KC2CbJ7Y_0,F,1,121.06028531983401,Q4
276,Q4_DX1IK3z1w10_0,C#,2,121.72397021961201,Q4
277,Q3_x4B0raxVODA_0,A#,2,121.583559572494,Q3
278,Q3_vVTP0DOL_2Q_2,c#,2,121.82552888043699,Q3
279,Q4_XPLYvpyfKUM_0,g,1,122.301468384777,Q4
280,Q1_fey-8bOR95E_1,G,1,122.400625162803,Q1
281,Q2_yhIncZ_Ue4E_2,a#,2,121.95088907705299,Q2
282,Q4_1A9Hh2GrDTs_0,a,1,122.005658324266,Q4
283,Q1_s5b8viFsVJE_0,A,1,121.09427689384898,Q1
284,Q3_2eIsQtm4YNs_1,a,1,121.505193702228,Q3
285,Q4_3N2G21U7guk_2,D,1,122.293221857271,Q4
286,Q3_9Xg69XrVaYU_1,a,1,121.825962910128,Q3
287,Q4_vJ77eDxHezE_1,c,2,121.50913735508001,Q4
288,Q2_1Q3MoBFh6eU_1,f,1,122.062021747886,Q2
289,Q2_fuCxYrru2S4_2,d,1,121.507261546513,Q2
290,Q1_4ydjOX3pWds_0,A#,2,122.844268872292,Q1
291,Q3_REq37pDAm3A_1,c,2,122.04527296937401,Q3
292,Q1_Fc1qk52SaKY_1,G#,2,121.587651598677,Q1
293,Q4_9eMxCs-LXCE_1,C,1,122.009156311315,Q4
294,Q3_c6CwY8Gbw0c_0,B,2,121.889066535482,Q3
295,Q3_egYSmNuIFGk_1,c,2,121.84327373094901,Q3
296,Q3_g-yM0Lsp4lc_0,C,1,121.114793758316,Q3
297,Q3_tLmXAWfbGqs_0,G#,2,121.366021403374,Q3
298,Q4_61EA0xRX8gE_2,F#,2,121.81281718399599,Q4
299,Q2_XfA2KXodrOE_0,e,1,121.425522041763,Q2
300,Q4_rW1I58_lMEg_0,G#,2,122.112404877602,Q4
301,Q3_RiQMuhk_SuQ_0,G,1,121.405392216665,Q3
302,Q1_9Yb9OEVwups_0,C,1,122.134321445114,Q1
303,Q4_lvfNo4KOTmM_0,F,1,121.37318592246,Q4
304,Q3_REq37pDAm3A_3,G#,2,121.267570764449,Q3
305,Q1_SlsXsqotUis_0,a,1,121.884893852006,Q1
306,Q3_p2qihp_PnLY_1,e,1,121.67679487646002,Q3
307,Q4_BaHHHgDd0BU_1,F#,2,121.16761687571301,Q4
308,Q2_cm6E860vDjY_1,d,1,122.07810949761001,Q2
309,Q1_im4Qxn3GQvo_0,A,1,121.93988380904301,Q1
310,Q3_JT1XJnVmABo_1,E,2,121.77074126734101,Q3
311,Q4_pkz8OkWhwnk_1,G,1,121.325852395339,Q4
312,Q4_Ury1cdB79s0_1,F,1,121.596784253933,Q4
313,Q3_bfopzItCYrE_0,C,1,122.005483744614,Q3
314,Q4_-_FjI4bT2Wo_1,E,1,121.43600610801201,Q4
315,Q3_qRceKZtwRWA_1,F,1,121.471781276949,Q3
316,Q4_Tjno89OVuRI_0,E,1,121.501857766769,Q4
317,Q2_WQrPcuy50aA_1,g,1,121.883815052533,Q2
318,Q1_J6X3rVU1H-c_1,E,1,121.887055161964,Q1
319,Q1_wnB2cjd6zbE_0,a,1,121.582145922747,Q1
320,Q3_dCoUuknChhE_0,C#,2,121.273491045766,Q3
321,Q2_P-We4q3goKU_4,d,1,121.857240739994,Q2
322,Q1_HY9vPoHbgaI_0,A#,2,121.954115601544,Q1
323,Q1_3N2G21U7guk_6,G#,2,121.532067692922,Q1
324,Q2_ItGNJM6skM4_2,f,2,121.364484320867,Q2
325,Q3_Ie5koh4qvJc_29,G,1,121.17930081383999,Q3
326,Q3_VrWAZLRdQO8_0,b,1,121.216665786555,Q3
327,Q4_2Z9SjI131jA_5,C,1,121.896998888477,Q4
328,Q2_UE0y8MHqT-g_2,c,2,121.66227769561,Q2
329,Q4_v3Nl5rUxLqE_1,C,1,121.476402550383,Q4
330,Q3_ZvD8QSO7NPw_0,g,2,121.082757648386,Q3
331,Q1_5Ju9q1N2x0E_2,D,1,121.058677572026,Q1
332,Q4_kMHiU0fhWVw_3,f#,1,121.960350548796,Q4
333,Q2_16OaOpfOPZ0_3,A,1,122.061837218667,Q2
334,Q1__kJtgm1OUNA_2,a#,2,123.787916152898,Q1
335,Q4_CkjAksZstEA_0,B,2,122.428330522766,Q4
336,Q1_pNwQ9Tu_bCs_2,E,2,121.516987095075,Q1
337,Q2_P-We4q3goKU_5,c,2,121.948414376322,Q2
338,Q1_UOSlDydo94E_1,C,1,122.432689261958,Q1
339,Q4_JxSU49jFKwM_0,A#,2,121.23874297696199,Q4
340,Q1_9v2WSpn4FCw_0,F,1,122.609877661985,Q1
341,Q1_iFgSjUqI7iM_1,C#,2,121.93988380904301,Q1
342,Q3_PXOWy7NiZhk_0,F,1,121.128775445215,Q3
343,Q1_NGE9ynTJABg_2,D,1,122.13531047266001,Q1
344,Q1_eVMSeElk81Q_2,a,1,123.39297548045099,Q1
345,Q3_0wRQRwnQiqY_0,g,2,120.61536817926901,Q3
346,Q3_DYBBfpEx-JI_4,d,1,121.647656166196,Q3
347,Q2__FVzelKlBFs_0,c#,2,122.21378813355801,Q2
348,Q4_3TYeU9idRGI_1,a,1,121.68507277115499,Q4
349,Q3_D3onzY4MNxE_0,E,1,121.638050549216,Q3
350,Q3_UJcnNfeCN1c_0,c,2,122.44806885193701,Q3
351,Q3__S991V8N-8s_0,E,1,121.55539053534099,Q3
352,Q3_2eIsQtm4YNs_0,a,1,122.08308846797199,Q3
353,Q2_z5ewpQwGDNw_1,e,1,122.07801578353998,Q2
354,Q4_lvfNo4KOTmM_1,F,1,121.785147018944,Q4
355,Q3_ii1Jw1-7Ka4_1,c,2,121.50180881921601,Q3
356,Q3_S1T3UF1vhSk_0,g#,2,121.33638815579599,Q3
357,Q3_By3JCii1k3w_2,G,1,121.77074126733999,Q3
358,Q4_YAAxPW1GB7w_1,E,1,121.687664811017,Q4
359,Q4_ADJ_PDauy-g_2,F,1,121.723905723906,Q4
360,Q4_Ie5koh4qvJc_16,g,2,122.51968503937,Q4
361,Q4_UaYYMRkHMYc_1,G#,2,121.234197557317,Q4
362,Q4_Dw7M69CidJ8_0,c,2,122.34694916980801,Q4
363,Q3_G4rL_OtfFAU_1,C#,2,121.113689095128,Q3
364,Q2_o20YCzej5_s_0,A,1,122.003826752479,Q2
365,Q1_1vjy9oMFa8c_2,D#,2,122.022028171486,Q1
366,Q4_vBHoSz8cJIE_0,B,2,121.78576964811701,Q4
367,Q3_c6CwY8Gbw0c_4,B,2,121.758308848781,Q3
368,Q1_Y5JcZQ0xg4Y_3,A#,2,121.338212232096,Q1
369,Q2_snfsc7pEzlk_1,e,1,121.943975700304,Q2
370,Q2_l-4Kce3YxxQ_0,b,1,122.01134875600201,Q2
371,Q1_RaUSISlnhKw_2,C,1,121.780938393755,Q1
372,Q4_cXxGBDgFCs8_2,G#,2,121.992476326372,Q4
373,Q2_jTPXwbDtIpA_2,a,1,121.667330028585,Q2
374,Q3_fnqb8zqHqdY_1,E,1,122.455635491607,Q3
375,Q3_zvWX_dwQPtU_0,a,1,121.33700855940799,Q3
376,Q3_zjr_-ql5Avk_1,G,1,121.298064734218,Q3
377,Q4_XWk5XUEBXmg_1,C,1,121.94907368243,Q4
378,Q1_e8NQ2NH0nc8_1,A#,2,122.22683999420099,Q1
379,Q4_XWk5XUEBXmg_0,d,1,121.958850535623,Q4
380,Q4_FSzOgraSKhs_0,F#,2,122.03425746071001,Q4
381,Q4_3TYeU9idRGI_0,C,1,121.38133637099399,Q4
382,Q2_38i12IPkL5c_1,e,1,121.92956743855,Q2
383,Q3_IH2KrGjKXw0_0,G#,2,121.118473749363,Q3
384,Q1_vv6nrZ2myXw_4,D#,2,121.90570719603001,Q1
385,Q4_vpTguZtJAFA_1,a#,2,122.71730156858101,Q4
386,Q1_UOSlDydo94E_2,F,1,122.597226919175,Q1
387,Q2_jrVXitpLGMk_0,d,1,122.00976971388701,Q2
388,Q3_QJlnTN7HRwE_0,C,1,121.64055824551399,Q3
389,Q2_mlHheZbblT0_0,D#,2,122.59737331604799,Q2
390,Q3_By3JCii1k3w_0,G,1,121.06038291605302,Q3
391,Q4_VCSDjQxAJzc_0,G,1,121.21901536996401,Q4
392,Q1_NGE9ynTJABg_0,D,1,121.77585941113001,Q1
393,Q4_vBHoSz8cJIE_2,B,2,121.98057250924101,Q4
394,Q2_JMt4m608s3k_1,d,1,121.869750456482,Q2
395,Q2_k4lT-sXg3iI_2,D,1,121.661917986079,Q2
396,Q4_Ie5koh4qvJc_1,F,1,121.77196692943701,Q4
397,Q4_12tDlCQVRtA_0,E,1,122.33186579626499,Q4
398,Q2_S7Bo4-NCEDk_0,g#,2,121.399671951886,Q2
399,Q2_OCqMDeD6Fmc_1,c,2,121.426316278206,Q2
400,Q2_sEQf5lcnj_o_0,g,1,121.86929536327101,Q2
401,Q1__BK2o77sTc0_0,D,1,121.561134261612,Q1
402,Q2_k4lT-sXg3iI_1,D,1,121.81281718399599,Q2
403,Q3_Ie5koh4qvJc_3,b,1,121.517686581912,Q3
404,Q3_xIsvaT20pZ0_0,a,1,121.54807498488199,Q3
405,Q4_iXiSFSGws-c_2,C#,2,121.358250309497,Q4
406,Q4_ltxNPJda7zE_0,A,1,121.771285796656,Q4
407,Q1_TNoaOTrTkTQ_2,G,1,121.897155090782,Q1
408,Q4_iGHgeUCPotc_0,E,1,122.03022425871299,Q4
409,Q3_QJlnTN7HRwE_3,C,1,121.645890631139,Q3
410,Q1_k4dxAlI5N-k_0,C#,2,121.301731687336,Q1
411,Q4_q4T8Znozvkk_0,C,1,121.151683287096,Q4
412,Q4_pRuwHN-lI44_0,F#,2,121.42569846229999,Q4
413,Q2_XfA2KXodrOE_1,e,1,122.011963498232,Q2
414,Q2_epX33OVpkmA_2,e,1,122.150959249405,Q2
415,Q1_iFgSjUqI7iM_0,C#,2,121.46588197868601,Q1
416,Q1_GY3f6ckBVkA_2,c#,1,121.767887972377,Q1
417,Q3_TonQX8XbvX8_0,e,1,121.768091474177,Q3
418,Q3_kDGmND1BgmA_1,a,1,122.061929479148,Q3
419,Q1_k4dxAlI5N-k_1,C#,2,122.109407186999,Q1
420,Q1_uqRLEByE6pU_0,F#,2,121.177944221478,Q1
421,Q4_BIRDDxz0E4c_1,a#,2,122.656060868062,Q4
422,Q4_Q49PWE0RJLY_1,F#,2,121.958517511051,Q4
423,Q3_-vAz_HTFEXs_0,c,2,121.11004047022499,Q3
424,Q2_Q5b5unyP8BM_1,A,1,121.68144499178999,Q2
425,Q2_Ie5koh4qvJc_13,a,1,121.039500101514,Q2
426,Q3_Ie5koh4qvJc_0,f,2,121.68070904913,Q3
427,Q1_SQDuF0qxGQw_2,G#,2,121.929244295583,Q1
428,Q2_Ie5koh4qvJc_11,g,2,121.543822031627,Q2
429,Q4_Xlv4PPGrRRs_0,F#,2,121.178034563861,Q4
430,Q3_1kny88W533Q_1,a,1,121.944549943031,Q3
431,Q3_c6CwY8Gbw0c_1,B,2,121.79020979021001,Q3
432,Q4_d_49EtXDMFE_1,E,1,121.883584041858,Q4
433,Q2_cQp1BYDGcRo_1,d,1,121.719916392953,Q2
434,Q4_k6aLLVX1D7Y_2,a,1,122.007843137255,Q4
435,Q4_kMHiU0fhWVw_0,f#,1,122.062021747886,Q4
436,Q4_Ury1cdB79s0_0,a,1,121.605798717591,Q4
437,Q4_pRuwHN-lI44_1,F#,2,122.003652491521,Q4
438,Q4_wzSr6qR3Ra0_0,D,1,121.281673295692,Q4
439,Q1_JYVXM0qNQAg_2,G,1,121.62878653988899,Q1
440,Q4_pkz8OkWhwnk_0,a,1,121.374373657838,Q4
441,Q4_Gcbk0GPT3-g_1,D,1,121.69057489819099,Q4
442,Q1_gSwv8hZGM-s_1,A#,2,122.598252043981,Q1
443,Q4_mGYKWCVnMwQ_1,D#,2,121.28985304408701,Q4
444,Q2_ijfxkQPAQdE_2,e,1,121.67210973220101,Q2
445,Q1_PdwxeMPXOCk_2,F,1,122.062206310137,Q1
446,Q3_02t1bj7ZABY_0,f,2,121.365050211808,Q3
447,Q1_FfwKrQyQ7WU_3,D,1,121.96176933883999,Q1
448,Q1_NGE9ynTJABg_1,D,1,122.39950010414499,Q1
449,Q2_k-FNDbK6Qhg_0,f,2,121.717992692566,Q2
450,Q1_Fc1qk52SaKY_0,G#,2,121.225629704498,Q1
451,Q3_0lEL_XHyhuU_2,D,1,122.142857142857,Q3
452,Q4_vpTguZtJAFA_2,F#,2,121.625568843264,Q4
453,Q2_b8HVQtIoBYU_0,G,1,121.710023379226,Q2
454,Q1_0vLPYiPN7qY_1,A#,1,121.615085345764,Q1
455,Q4_Tjno89OVuRI_1,E,1,121.365778475948,Q4
456,Q2_ufRISSD28XA_0,g,2,122.15962881379801,Q2
457,Q1_gSwv8hZGM-s_0,d,1,121.501515200886,Q1
458,Q3_c6CwY8Gbw0c_2,B,2,121.89856206996001,Q3
459,Q4_HYVmgq5Y93g_0,E,1,121.020937188435,Q4
460,Q4_KRlAez34QfE_0,A#,2,121.729340238685,Q4
461,Q4_B3aRl8iTEKw_1,F,1,121.03755741691401,Q4
462,Q4_E5qEloUO3SM_0,g#,2,121.21081535591298,Q4
463,Q2_epX33OVpkmA_0,E,1,121.227686897213,Q2
464,Q2_Kk60F8a7-Jw_0,e,1,121.67417526522301,Q2
465,Q3_wfXSdMsd4q8_0,A,1,121.44072036018,Q3
466,Q1_6wFJhmhNeeg_0,D,1,121.49980471292801,Q1
467,Q4_Q49PWE0RJLY_0,F#,2,120.991180899118,Q4
468,Q1_ANZf1QXsNrY_5,F,1,121.89497059670201,Q1
469,Q1_zmZHNy9T8Pg_2,G,1,122.012578616352,Q1
470,Q4_YhXRyOl5pi0_0,C,1,121.76775233053301,Q4
471,Q1_zHwJG8Rrx6c_1,d#,2,122.25065937286301,Q1
472,Q2_nOIBJHkqrE8_1,d,1,122.35920540651199,Q2
473,Q1_doM_LWo-74A_0,A,1,122.62983677662399,Q1
474,Q1_sZe3IB1OVfw_1,F#,2,122.00461130203999,Q1
475,Q1_2Z9SjI131jA_4,C,1,121.502151519103,Q1
476,Q2_FUAK5TBaNY8_1,f,2,121.673506446341,Q2
477,Q1_ANZf1QXsNrY_2,G#,2,122.513774480388,Q1
478,Q2_yhIncZ_Ue4E_0,a#,2,122.003739618211,Q2
479,Q3_iRu9KQvbtVw_0,D,1,121.39420894980499,Q3
480,Q2_8c7kcmsnf-s_2,C,1,122.0060949064,Q2
481,Q1_5NW0zDu6IYM_2,D#,2,121.007653619068,Q1
482,Q3_qlbazHayULg_9,A,1,122.01592440283501,Q3
483,Q4_g15aRCHUJEI_2,D#,2,121.950971675346,Q4
484,Q3_UE0y8MHqT-g_0,c,2,121.30195236346201,Q3
485,Q3_X1p8xcarVu0_0,d#,2,122.070173862258,Q3
486,Q3_rEz0D3VohFA_0,C,1,122.363561756258,Q3
487,Q4_3As1t6JySDE_0,A,1,121.627463445645,Q4
488,Q2_jO2zX6Ul8GM_0,b,1,121.830096508996,Q2
489,Q4_BaHHHgDd0BU_0,C#,2,121.120840630473,Q4
490,Q3_FH28sPhm9Dc_1,G#,2,121.19270091885599,Q3
491,Q4_5Ju9q1N2x0E_0,A,1,121.82639714625499,Q4
492,Q1_BGf5nCdzPOc_1,A,1,121.958101389538,Q1
493,Q4_UpHutdJvZMI_2,C,1,122.20373027259701,Q4
494,Q4_vBHoSz8cJIE_4,B,2,122.011173184358,Q4
495,Q2_jTPXwbDtIpA_1,e,1,121.366183403006,Q2
496,Q2_EtAbPc20mn8_0,b,1,121.646949497838,Q2
497,Q1_0vLPYiPN7qY_2,g,1,121.65084369290301,Q1
498,Q3_4Er-eFHSHA4_1,c,2,121.357850070721,Q3
499,Q4_DvIH5yUrboc_2,f,2,121.77736635038201,Q4
500,Q4_TOXg4-ZGb-g_0,a,1,121.115387408322,Q4
501,Q1_aYe-2Glruu4_4,c,2,121.92948664266001,Q1
502,Q4_UaYYMRkHMYc_0,f,2,121.306455728502,Q4
503,Q3_bbU31JLtlug_0,G,1,121.64960263478201,Q3
504,Q4_rW1I58_lMEg_1,f,2,122.08205313573099,Q4
505,Q1_UJcnNfeCN1c_2,D#,2,122.083371010037,Q1
506,Q3_MbvPxCUMSek_0,g,2,121.53979816881599,Q3
507,Q1_xrhWli_R98g_1,D,1,121.54537527667802,Q1
508,Q4_jO2zX6Ul8GM_2,G,1,121.451704366454,Q4
509,Q3_wqc8iqbDsGM_0,c,2,121.270121278942,Q3
510,Q1_6Uf9XBUD3wE_1,A,1,121.504653061225,Q1
511,Q4_oTi57hZfArE_1,D,1,121.783834004336,Q4
512,Q3_IH2KrGjKXw0_1,G#,2,121.781282616259,Q3
513,Q4_kfYaGryaGzI_0,C#,2,120.83408753574899,Q4
514,Q3_3ZnxqCZ7qGg_0,a,1,121.899579520158,Q3
515,Q2_GwdQliEv6Z0_1,a#,2,122.999023755288,Q2
516,Q3_jTPXwbDtIpA_0,e,1,122.08582292232501,Q3
517,Q4_PK8YIUaV3Xw_1,C,1,121.73285198556002,Q4
518,Q1_bIx4DwkZxFY_2,D,1,121.833081390723,Q1
519,Q2_P-We4q3goKU_2,d,1,121.22889831186501,Q2
520,Q2_l-4Kce3YxxQ_2,c,2,121.81281718399599,Q2
521,Q3_ZvD8QSO7NPw_1,g,1,121.46644177831499,Q3
522,Q4_iXiSFSGws-c_0,C#,2,121.59203980099501,Q4
523,Q3_ItGNJM6skM4_0,f,1,121.09609895337799,Q3
524,Q1_9v2WSpn4FCw_5,G#,2,121.823001147288,Q1
525,Q3_Ie5koh4qvJc_19,C#,2,121.30730821606899,Q3
526,Q2_5NW0zDu6IYM_0,g,2,121.728950923008,Q2
527,Q4_xrhWli_R98g_0,D,1,121.54346005694201,Q4
528,Q4_T92R7xjce34_0,G#,2,122.00592025073999,Q4
529,Q1_IH2KrGjKXw0_3,G#,2,121.221471172962,Q1
530,Q4_V3Y9L4UOcpk_1,E,2,121.118555199534,Q4
531,Q3_02t1bj7ZABY_1,C#,2,121.30764210108102,Q3
532,Q3_egYSmNuIFGk_2,c,2,121.77908188873,Q3
533,Q4_Tc684nD8CEA_1,D#,2,122.31685856503599,Q4
534,Q4_lQCrA2TE-fo_1,b,1,122.083747852039,Q4
535,Q3_H6_7DjsbROQ_4,C,1,121.88527943703501,Q3
536,Q1_RaUSISlnhKw_0,C,1,122.843917793001,Q1
537,Q4_B3aRl8iTEKw_0,F,1,121.203541672108,Q4
538,Q1_ANZf1QXsNrY_0,G#,2,121.722488038278,Q1
539,Q1_ANZf1QXsNrY_1,D#,2,121.73637802396601,Q1
540,Q2_BzqX-9TA-GY_2,c,2,121.870509437792,Q2
541,Q4_JP3QKZlyQz4_1,C,1,121.257195863913,Q4
542,Q4_JP3QKZlyQz4_0,C,1,121.273948743469,Q4
543,Q1_WpZ1rWHOCAQ_0,d,1,123.97584124245,Q1
544,Q2_UJcnNfeCN1c_1,A#,2,122.00391389432501,Q2
545,Q1_PdwxeMPXOCk_0,A#,2,121.617352848268,Q1
546,Q4_2w5XkAt_3WU_0,C,1,123.042588312975,Q4
547,Q3_ldCQ6N9G6Mk_2,D#,2,122.79781420764999,Q3
548,Q3_By3JCii1k3w_1,G,1,121.797261983697,Q3
549,Q2_jrVXitpLGMk_1,d,1,122.071569861536,Q2
550,Q4_ldCQ6N9G6Mk_0,D#,2,121.80642126308399,Q4
551,Q2_L3_TadjSQQ0_0,g,1,121.71844117098699,Q2
552,Q3_wlOa1jkTn_U_2,a#,2,122.08384208384199,Q3
553,Q3_xYZ8n8ULaNo_0,a,1,121.493098308599,Q3
554,Q1_Xsn9zT-05ns_0,C,1,121.67229178007601,Q1
555,Q2_OCqMDeD6Fmc_3,c,2,121.505193702228,Q2
556,Q2_pouxqiySdI8_1,a,1,122.25429284281601,Q2
557,Q4_MT2_mXn-vGU_1,E,1,121.54501257334499,Q4
558,Q3_rrD7XMtPs0Q_0,D,1,121.693868548743,Q3
559,Q1_RaUSISlnhKw_1,C,1,121.585030269675,Q1
560,Q3_2v6gJi03LlA_0,g,1,121.203007518797,Q3
561,Q3_7JIdJLkJ0S4_0,d#,2,120.714784308251,Q3
562,Q4_ltxNPJda7zE_3,f#,1,122.00950678121299,Q4
563,Q3_MbvPxCUMSek_1,g,2,122.258159364893,Q3
564,Q2_Ie5koh4qvJc_9,b,1,120.842443965044,Q2
565,Q3_OO7zYVeK814_2,A,1,123.23595505618,Q3
566,Q3_Adil-zpJdEs_0,C#,2,121.137412682349,Q3
567,Q2_Dg935IbDggo_1,c,2,121.759987777863,Q2
568,Q3_9Xg69XrVaYU_2,C,1,121.438606350098,Q3
569,Q4_12tDlCQVRtA_1,E,1,121.95088907705299,Q4
570,Q4_KRlAez34QfE_1,c,2,122.07520828642201,Q4
571,Q1_GbUV3TXUzeQ_1,C#,2,122.108924485126,Q1
572,Q4_PK8YIUaV3Xw_0,E,1,121.43381666562901,Q4
573,Q4_v3Nl5rUxLqE_0,C,1,120.843940587169,Q4
574,Q4_yC0fAQxGgr0_0,G,1,121.47782303325701,Q4
575,Q2_3_MxhSS86oU_1,d,1,121.661917986078,Q2
576,Q1_jziI_cuN_H8_1,d,1,122.299401197605,Q1
577,Q1_JT1XJnVmABo_3,E,1,123.778597785978,Q1
578,Q4_PZN7XLKzLDI_1,a,1,122.014514295707,Q4
579,Q3_tw_lArYiHTo_0,f,2,121.20568303723302,Q3
580,Q4_FyK_c-TIcCA_2,D,1,121.00163025758002,Q4
581,Q2_f2BXXa7lPuE_3,d,1,121.81288850421001,Q2
582,Q4_aQ4PIaRMLwE_1,a,1,121.670897091885,Q4
583,Q3_uj3Gif77SYM_4,A#,2,121.574738568792,Q3
584,Q4_rDhbGjFlKF8_0,a,1,121.342852979746,Q4
585,Q1_mX-xs3OVhTs_1,A,1,122.009331530982,Q1
586,Q3_1Q3MoBFh6eU_0,c#,1,121.405006555478,Q3
587,Q3_gvWDOIiocuE_0,D,1,121.32596685082899,Q3
588,Q2_ivCNV47tsRw_1,f,2,121.92956743855,Q2
589,Q1_UOSlDydo94E_0,C,1,122.312672521957,Q1
590,Q1_1vjy9oMFa8c_4,D#,2,123.04822385393899,Q1
591,Q1_2Z9SjI131jA_3,C,1,121.964445581276,Q1
592,Q3_xYZ8n8ULaNo_1,c,2,121.61740961741,Q3
593,Q1_1vjy9oMFa8c_5,D#,2,121.002087682672,Q1
594,Q1_2Z9SjI131jA_8,C,1,121.94496032416001,Q1
595,Q2_Uu-oRTRT6uQ_1,c#,2,121.89232475052401,Q2
596,Q4_YAAxPW1GB7w_0,a#,2,121.674783746456,Q4
597,Q3_kopwU6zpS4k_0,D,1,121.624480011281,Q3
598,Q1_UYh88SRZC24_0,f#,1,121.574953858774,Q1
599,Q3_veG92Oi-DlU_1,C#,2,121.631092704683,Q3
600,Q1_4ydjOX3pWds_1,A#,2,123.509787493335,Q1
601,Q2_ZdyiXIlKe_Y_1,d#,2,122.85891549820101,Q2
602,Q4_k-FNDbK6Qhg_1,f,2,122.21453287197201,Q4
603,Q1_osxmQReE_2o_0,D,1,121.669141884305,Q1
604,Q4_qRceKZtwRWA_0,F,1,121.690264837503,Q4
605,Q3_0EWWyyV7RJA_0,c#,1,121.370898164401,Q3
606,Q2_0qYNvMCEwaw_0,c,2,122.14695056609,Q2
607,Q3_FOcdHIhI0_s_0,a,1,120.575856035991,Q3
608,Q4_Ie5koh4qvJc_32,a,1,121.22338448468099,Q4
609,Q3_wfXSdMsd4q8_3,A,1,121.814673335171,Q3
610,Q4_biROWEwkDQQ_2,E,1,122.342296548569,Q4
611,Q3_uj3Gif77SYM_1,d#,2,122.08582292232501,Q3
612,Q1_2Z9SjI131jA_10,G,1,122.164091485465,Q1
613,Q3_H6_7DjsbROQ_2,C,1,121.88512518409401,Q3
614,Q1_60LLKmpgzRM_0,c,2,122.078765732846,Q1
615,Q1_dfNdpy8TUzA_2,c#,2,121.84489730552099,Q1
616,Q1_T92R7xjce34_1,f,2,122.02424881391701,Q1
617,Q1_6kRPHamGDSo_3,b,1,122.92385786802,Q1
618,Q4_iXiSFSGws-c_1,C#,2,121.631554721524,Q4
619,Q4_3N2G21U7guk_0,D,1,122.059165251586,Q4
620,Q3_veG92Oi-DlU_0,C#,2,121.100417910448,Q3
621,Q2_yrvKReuwVlY_0,d#,2,121.82177591523701,Q2
622,Q4_HQ8ISDX6PiI_1,d,1,121.51240645923599,Q4
623,Q2_1TAKQK3s6qQ_0,b,1,121.19940654363701,Q2
624,Q3_wqc8iqbDsGM_3,g,2,121.46592861233101,Q3
625,Q1_9v2WSpn4FCw_1,G,1,123.51085714285699,Q1
626,Q2_UTo7E0evQWw_0,e,1,121.95105428063299,Q2
627,Q1_fey-8bOR95E_0,e,1,122.489734169008,Q1
628,Q3_pbVGv_g4n50_0,c,2,121.54682779456199,Q3
629,Q3__vZOEQCYSaY_0,C#,2,121.397973423943,Q3
630,Q4_a5QCcwEjxAk_0,F,1,121.41124586549101,Q4
631,Q1_HY9vPoHbgaI_1,A#,2,122.00766817706499,Q1
632,Q4_V_jbWvQNh5c_1,F#,2,122.01574803149599,Q4
633,Q3_uj3Gif77SYM_6,C#,2,121.702504987808,Q3
634,Q1_JYVXM0qNQAg_0,D,1,121.591654865117,Q1
635,Q1_dfNdpy8TUzA_1,c#,2,122.86888307807301,Q1
636,Q2_OCqMDeD6Fmc_2,c,2,121.114901647673,Q2
637,Q3_X1p8xcarVu0_1,F#,2,121.832425339007,Q3
638,Q4_6oLmO9ZSJt0_1,G,1,122.93915040183701,Q4
639,Q4_7gifuoofgpk_1,A#,2,121.979466471927,Q4
640,Q3_qlbazHayULg_13,G,1,121.33650443761199,Q3
641,Q2_3_MxhSS86oU_0,d,1,121.70945244101499,Q2
642,Q3_ISCVfmBvYoM_0,A,1,121.502690363607,Q3
643,Q4_u_7b9CwyM8Q_1,F,1,121.52582781457,Q4
644,Q4_Ie5koh4qvJc_27,E,1,121.712692808028,Q4
645,Q4_biROWEwkDQQ_0,E,1,121.261221808627,Q4
646,Q4_UbKAl4roB8k_1,e,1,121.631612492033,Q4
647,Q3_fnqb8zqHqdY_2,A,1,121.884431358116,Q3
648,Q3_TonQX8XbvX8_2,C,1,121.656779203969,Q3
649,Q1_WpZ1rWHOCAQ_2,d,1,121.94594594594601,Q1
650,Q1_aYe-2Glruu4_0,D#,2,122.061837218668,Q1
651,Q2_cFWdWpyvwag_1,c,2,121.255448997384,Q2
652,Q4_cXxGBDgFCs8_0,G#,2,121.33914559721,Q4
653,Q4_1vjy9oMFa8c_3,D#,2,122.265041289815,Q4
654,Q4_1fdxsFbnsX4_1,G,1,121.82907950621201,Q4
655,Q2_RiQMuhk_SuQ_2,d,1,120.75854349114401,Q2
656,Q1_QwsQ8ejbMKg_1,F#,2,122.40125065138099,Q1
657,Q4_3N2G21U7guk_1,D,1,122.227378190255,Q4
658,Q1__SJQaaRzD-A_1,F,1,121.507360157017,Q1
659,Q2_CxFXrYgdSSI_0,c,2,121.84194747571699,Q2
660,Q2_-jJVb0xvbdg_0,f,2,122.02043232341002,Q2
661,Q1_bQS8eAXAhyE_1,G,1,123.189810328118,Q1
662,Q2_-jJVb0xvbdg_1,C#,2,122.013106159895,Q2
663,Q4_f2b4kpdw7_c_0,g,2,121.40026741217899,Q4
664,Q2_1EDThWjNxOI_0,F#,2,122.73406906372401,Q2
665,Q2_AacIP9mDLw8_0,b,1,121.72197309417,Q2
666,Q4_heBmBQDWj-M_2,B,2,122.382503489995,Q4
667,Q1_Jn9r0avp0fY_3,G,1,122.230288950196,Q1
668,Q2_TcFVq0leii4_1,C,1,122.010822133008,Q2
669,Q2_dtS02mrDMsM_0,g,2,121.488756784699,Q2
670,Q2_9v2WSpn4FCw_5,g,2,121.92956743855,Q2
671,Q4_QBJ6YYYpIyk_0,c#,2,121.521344382449,Q4
672,Q3_TYkTOwBfFB8_0,b,1,121.382455298212,Q3
673,Q4_KxlqB3j0zys_4,b,1,121.79348460670201,Q4
674,Q1_miqLU2739dk_1,C,1,122.23385689354299,Q1
675,Q3_p2qihp_PnLY_0,C,1,121.342500874024,Q3
676,Q1_doM_LWo-74A_2,A,1,122.489734169008,Q1
677,Q3_FUAK5TBaNY8_2,f,2,121.587104773714,Q3
678,Q1_8izVTDgBQPc_1,D,1,122.230936819172,Q1
679,Q2_AacIP9mDLw8_2,b,1,121.409993574248,Q2
680,Q3_epMOLn5Axw0_0,c,2,121.769585253456,Q3
681,Q4_FoTXpYZXxJs_1,g,2,121.506473126716,Q4
682,Q3_REq37pDAm3A_0,c,2,122.173379869824,Q3
683,Q3_veG92Oi-DlU_2,C#,2,121.60294987303001,Q3
684,Q4_ldCQ6N9G6Mk_1,D#,2,121.11947913123801,Q4
685,Q1_KxlqB3j0zys_0,E,1,121.718184868936,Q1
686,Q1_JT1XJnVmABo_4,B,2,123.192019950125,Q1
687,Q1_dfNdpy8TUzA_0,c#,1,122.327860570851,Q1
688,Q4_Ie5koh4qvJc_21,d,1,120.945211380279,Q4
689,Q2_JYVXM0qNQAg_1,e,1,121.68519602106501,Q2
690,Q4_Cir1kZyB7QM_0,f,2,121.15590116643699,Q4
691,Q3_zvWX_dwQPtU_1,F,1,121.496784252582,Q3
692,Q1_eVMSeElk81Q_1,a,1,121.36065670584101,Q1
693,Q3_nFunbdBrukY_0,A,1,122.012227074236,Q3
694,Q3_kDGmND1BgmA_0,a,1,121.305382436261,Q3
695,Q4_DvIH5yUrboc_0,D#,2,121.88798295571002,Q4
696,Q4_Xf2fox7zhCQ_2,C#,2,121.62637207496599,Q4
697,Q3_ilCcZpD39HU_4,F,1,121.86076562752399,Q3
698,Q4_0c2dTJTDUR4_1,b,1,121.950393634132,Q4
699,Q4_22S3w4idugs_0,F#,2,122.07689187362,Q4
700,Q3_H6_7DjsbROQ_0,f,1,121.156655538542,Q3
701,Q1_Xsn9zT-05ns_1,C,1,121.534772182254,Q1
702,Q3_gvWDOIiocuE_2,c,2,121.787362786548,Q3
703,Q1_Y5JcZQ0xg4Y_1,D#,2,122.002694597766,Q1
704,Q1_2Z9SjI131jA_0,C,1,121.53125311534201,Q1
705,Q3_NTI9ode6bRk_0,E,1,121.629996462681,Q3
706,Q3_OO7zYVeK814_0,A,1,121.637119408818,Q3
707,Q2_ZTrEoB8T9YA_1,f,2,122.24769523437901,Q2
708,Q4_ltNK_MY1HkM_0,E,1,121.604010025063,Q4
709,Q4_vJ77eDxHezE_0,a,1,121.622535211268,Q4
710,Q2_D-gDPh9ZpFk_0,f#,1,121.938414941949,Q2
711,Q4_5J_zI7QE9W8_2,F#,2,121.491551757623,Q4
712,Q1_uqRLEByE6pU_1,F#,2,122.830814596388,Q1
713,Q4_g15aRCHUJEI_0,D#,2,121.86505848544901,Q4
714,Q3_wxXpvnmq_-E_2,F,1,121.667511037128,Q3
715,Q2_GwdQliEv6Z0_0,a#,2,121.879742188137,Q2
716,Q4_Xlv4PPGrRRs_1,F#,2,121.200906934925,Q4
717,Q4_FyK_c-TIcCA_1,G,1,122.015042854644,Q4
718,Q3_TonQX8XbvX8_3,G,1,121.67387119038099,Q3
719,Q3_x4B0raxVODA_3,d#,2,121.86106623586399,Q3
720,Q2_UE0y8MHqT-g_1,c,2,121.203321669191,Q2
721,Q1_mX-xs3OVhTs_0,A,1,122.136201381484,Q1
722,Q4_DvIH5yUrboc_1,f,2,121.539026752614,Q4
723,Q3_H6_7DjsbROQ_1,C,1,121.67417526522301,Q3
724,Q4_JT1XJnVmABo_0,E,1,121.720237428603,Q4
725,Q1_QwsQ8ejbMKg_0,F#,2,121.50156412930099,Q1
726,Q4_lTxVVdhFE6Q_1,D,1,121.69605064595699,Q4
727,Q2_--2B4d4lQhs_2,d,1,121.929082764684,Q2
728,Q3_tfuul78deOs_0,G,1,121.227033072376,Q3
729,Q3_1Q3MoBFh6eU_2,f#,1,121.571301916388,Q3
730,Q4_kMHiU0fhWVw_2,c#,1,122.14615062176901,Q4
731,Q2_9v2WSpn4FCw_3,g,1,121.580951727451,Q2
732,Q2_Dg935IbDggo_0,c,2,121.27401918770201,Q2
733,Q3__vZOEQCYSaY_2,C#,2,121.80840626348999,Q3
734,Q3_JNzqL24ZcZ8_0,c#,2,121.178486483722,Q3
735,Q2_6n8HgIcJ6vo_0,g#,2,121.829152111782,Q2
736,Q4_Tc684nD8CEA_4,D#,2,121.51808657837499,Q4
737,Q3_TYkTOwBfFB8_1,A,1,121.928356210244,Q3
738,Q4_Ie5koh4qvJc_31,a,1,121.230079282454,Q4
739,Q1_vv6nrZ2myXw_2,D#,2,122.41851676901301,Q1
740,Q4_yC0fAQxGgr0_1,G,1,121.332947642465,Q4
741,Q4_Ie5koh4qvJc_28,G,1,121.278331067773,Q4
742,Q2_TcFVq0leii4_2,C,1,121.714540854294,Q2
743,Q4_1fdxsFbnsX4_0,G,1,122.087240114146,Q4
744,Q3_zjr_-ql5Avk_2,D,1,121.648068669528,Q3
745,Q2_qlbazHayULg_4,e,1,121.759920559142,Q2
746,Q2_JT1XJnVmABo_6,G#,2,121.55712499577601,Q2
747,Q2_61EA0xRX8gE_3,c,2,121.50322959483299,Q2
748,Q1_s5b8viFsVJE_2,A,1,121.224847824353,Q1
749,Q2_dtS02mrDMsM_2,a#,2,121.792298716453,Q2
750,Q4_oTi57hZfArE_0,D,1,121.522299306244,Q4
751,Q2_epX33OVpkmA_1,e,1,121.425345664883,Q2
752,Q2_l-4Kce3YxxQ_4,d,1,121.936948297604,Q2
753,Q2_0H4rq0L9OSw_0,a#,2,121.829951153647,Q2
754,Q2_UAm0aWvzFI8_1,G,1,121.888447194787,Q2
755,Q3_JNzqL24ZcZ8_1,c#,2,121.50391644908599,Q3
756,Q2_Dg935IbDggo_2,c#,2,121.939149097336,Q2
757,Q4_5Ju9q1N2x0E_1,A,1,121.42530157748199,Q4
758,Q1_biROWEwkDQQ_3,E,1,122.004960187965,Q1
759,Q2_iwxwLEvqeD8_1,D,1,121.78080074200001,Q2
760,Q3_4Er-eFHSHA4_3,G,1,121.905470785262,Q3
761,Q4_r_sD61KeUQU_0,D#,2,121.28277935527001,Q4
762,Q2_Ie5koh4qvJc_26,f#,1,121.637701247468,Q2
763,Q3_K84TcgjCRt4_2,A,1,121.714604651163,Q3
764,Q1_POaIGvLsp5M_0,D,1,121.947508558387,Q1
765,Q1_2Z9SjI131jA_11,G,1,122.00976971388701,Q1
766,Q2_1EDThWjNxOI_1,F#,2,123.142175247187,Q2
767,Q1__8v0MFBZoco_1,C#,1,121.676733862164,Q1
768,Q4_UbKAl4roB8k_2,D#,2,122.143156132273,Q4
769,Q2_61EA0xRX8gE_5,A,1,122.600011284771,Q2
770,Q2_1kny88W533Q_3,C,1,121.403166869671,Q2
771,Q2_yrvKReuwVlY_3,C#,2,122.52051197899598,Q2
772,Q2_8c7kcmsnf-s_0,C,1,121.87828638976102,Q2
773,Q2_ivCNV47tsRw_2,f,2,121.929082764684,Q2
774,Q4_j8Ir-ssM-AA_0,g,1,121.359733246776,Q4
775,Q1_PdwxeMPXOCk_1,F,1,122.07604973869199,Q1
776,Q4_XPLYvpyfKUM_1,A#,1,122.08233539698999,Q4
777,Q1_bQS8eAXAhyE_2,G,1,121.624308223765,Q1
778,Q4_OyaY4213c2A_0,D,1,121.111057530019,Q4
779,Q1__SJQaaRzD-A_0,F,1,122.00828067116998,Q1
780,Q2_38i12IPkL5c_0,e,1,121.86937119675501,Q2
781,Q2_RiQMuhk_SuQ_3,d,1,121.109132046406,Q2
782,Q3_Ie5koh4qvJc_23,d#,2,121.257230164793,Q3
783,Q2_D-gDPh9ZpFk_1,b,1,121.93719258418501,Q2
784,Q1_o5AIp2Yc01M_0,d,1,122.49067617966601,Q1
785,Q4_nGkpcWNAxDU_0,f,2,121.210847172588,Q4
786,Q3_vVTP0DOL_2Q_1,c#,2,121.846005929012,Q3
787,Q2_08t73Qgjkt4_2,B,2,120.85894831025,Q2
788,Q4_jCLgDtk695I_3,B,2,122.504347826087,Q4
789,Q4_JxSU49jFKwM_1,A#,2,121.72791360432,Q4
790,Q1_Cg2u_Ldjv8g_0,F,1,122.072874493927,Q1
791,Q4_IgpNyJVWcBo_0,A,1,121.09782246152399,Q4
792,Q1_2Z9SjI131jA_15,E,1,122.09797851028999,Q1
793,Q1_K6OFDxBU370_1,F#,2,122.226624788596,Q1
794,Q1_POaIGvLsp5M_1,D,1,121.95552537769501,Q1
795,Q3_Ie5koh4qvJc_14,d,1,121.204989409273,Q3
796,Q1_NP0lwB-_-og_1,C,1,121.634216406001,Q1
797,Q1_XC_SiJszQx0_3,F,1,121.339106681003,Q1
798,Q2_DYBBfpEx-JI_3,d,1,121.27673722708599,Q2
799,Q1_3N2G21U7guk_3,G,1,121.278011981362,Q1
800,Q1_fey-8bOR95E_3,G,1,122.40100041683998,Q1
801,Q1_7yW9c7t8Hq0_1,F,1,121.876832844575,Q1
802,Q2_5NW0zDu6IYM_1,A#,2,122.145351273337,Q2
803,Q1_SQDuF0qxGQw_1,G#,2,121.823145400594,Q1
804,Q4_lQCrA2TE-fo_0,G,1,121.717992692566,Q4
805,Q4_jCLgDtk695I_4,B,2,121.631901405957,Q4
806,Q1_e838BE_MH6s_3,D#,2,122.007755653349,Q1
807,Q4_OgkB7PfqWzA_1,G#,2,122.086389568052,Q4
808,Q2_PZN7XLKzLDI_0,a,1,121.947673189907,Q2
809,Q1_GY3f6ckBVkA_0,E,1,123.162663006177,Q1
810,Q4_AjN_5CdVUdw_0,G#,2,121.396913935793,Q4
811,Q3_BIRDDxz0E4c_0,f,2,121.552194563277,Q3
812,Q4_FSzOgraSKhs_1,F#,2,121.582417582418,Q4
813,Q4_bfopzItCYrE_2,C,1,121.929405853536,Q4
814,Q4_JP3QKZlyQz4_2,C,1,121.65582665564699,Q4
815,Q3_PXOWy7NiZhk_1,a#,1,121.307419492126,Q3
816,Q4_UpHutdJvZMI_0,C,1,122.236784622106,Q4
817,Q3_QJlnTN7HRwE_2,C,1,122.165006577711,Q3
818,Q2_UAm0aWvzFI8_0,g,1,121.884739662154,Q2
819,Q1_3ahg_eQZhxs_0,F,1,121.59105034182699,Q1
820,Q2_ANZf1QXsNrY_6,f,1,122.116674322462,Q2
821,Q4_9eMxCs-LXCE_0,C,1,122.03975034305701,Q4
822,Q3_uj3Gif77SYM_0,A#,2,121.69150576316002,Q3
823,Q4_jSWItJI-Gmk_1,D#,2,121.260462826194,Q4
824,Q2_P-We4q3goKU_3,d,1,121.54340836012899,Q2
825,Q4_Ie5koh4qvJc_4,f#,1,121.114308514497,Q4
826,Q3_02t1bj7ZABY_2,C#,2,121.25771057372101,Q3
827,Q2_ivCNV47tsRw_0,f,1,121.929405853536,Q2
828,Q2_S7Bo4-NCEDk_2,g#,2,122.508983992159,Q2
829,Q3_ZvD8QSO7NPw_2,g,2,120.977907939135,Q3
830,Q1_pNwQ9Tu_bCs_0,f#,1,121.736181756528,Q1
831,Q3_wxXpvnmq_-E_1,F,1,121.603898364079,Q3
832,Q1_aYe-2Glruu4_1,c,2,122.49972876206999,Q1
833,Q1_ANZf1QXsNrY_3,A#,1,122.061744966443,Q1
834,Q3_ilCcZpD39HU_2,a,1,121.900362916529,Q3
835,Q3_4Er-eFHSHA4_2,G,1,121.506867233486,Q3
836,Q1_nOIBJHkqrE8_0,F,1,122.151662308554,Q1
837,Q1_6Uf9XBUD3wE_0,A,1,122.32868405094,Q1
838,Q3_cCfEDTkuMvg_0,c,2,121.589568457001,Q3
839,Q3_fuCxYrru2S4_0,d,1,120.940062834061,Q3
840,Q2_P-We4q3goKU_1,E,1,121.910526970438,Q2
841,Q1_ANZf1QXsNrY_4,D,1,121.44542032622299,Q1
842,Q3_X1p8xcarVu0_2,g#,2,122.111436950147,Q3
843,Q3_Ie5koh4qvJc_18,F,1,121.54377031056299,Q3
844,Q3_PLfFWFZflQU_0,a,1,121.28274364613199,Q3
845,Q2_k4lT-sXg3iI_0,D,1,121.67387119038099,Q2
846,Q1_SQDuF0qxGQw_0,D#,2,121.88891166222601,Q1
847,Q1_Y5JcZQ0xg4Y_0,D#,2,124.052414035705,Q1
848,Q2__vZOEQCYSaY_1,C#,2,121.802746371425,Q2
849,Q3_MbvPxCUMSek_2,g,2,122.01883899233299,Q3
850,Q2_S1T3UF1vhSk_1,g#,2,122.033629021581,Q2
851,Q3_K84TcgjCRt4_1,A,1,121.779219274876,Q3
852,Q4_fOYX0uH8mSQ_0,F,1,121.252310033699,Q4
853,Q2_cm6E860vDjY_0,c,2,121.88289134965099,Q2
854,Q2_yZGBxiNPu3k_0,c,2,121.812959830035,Q2
855,Q2_ANZf1QXsNrY_7,b,1,121.63439029580799,Q2
856,Q1_zmZHNy9T8Pg_0,G,1,121.82105595953199,Q1
857,Q2_61EA0xRX8gE_1,e,1,121.76032394850401,Q2
858,Q3_zMa78n8ULtE_0,a,1,121.238210399033,Q3
859,Q1_0vLPYiPN7qY_0,g,1,123.51219512195101,Q1
860,Q4_nGkpcWNAxDU_1,f,2,122.061744966443,Q4
861,Q4_1vjy9oMFa8c_0,D#,2,121.019108280255,Q4
862,Q1_HY9vPoHbgaI_3,A#,2,122.856434416067,Q1
863,Q3_2v6gJi03LlA_1,A#,1,121.717096437621,Q3
864,Q1_e838BE_MH6s_2,A#,2,122.007318348144,Q1
865,Q3_wS0RzrBL9UI_1,G#,2,121.318228630278,Q3
866,Q3_ilCcZpD39HU_0,d,1,121.968137359587,Q3
867,Q3_wfXSdMsd4q8_2,f#,1,121.397719000243,Q3
868,Q1_Jn9r0avp0fY_0,g#,2,121.94348376212601,Q1
869,Q1_s6-SbDSZzEU_1,F,1,121.991098820378,Q1
870,Q4_uUtnyA6tLnI_0,F,1,121.435335160728,Q4
871,Q2_RiQMuhk_SuQ_1,e,1,121.113231705844,Q2
872,Q3_QJlnTN7HRwE_1,e,1,122.162162162162,Q3
873,Q4_d_49EtXDMFE_0,E,1,121.58617603524799,Q4
874,Q2_BzqX-9TA-GY_1,c,2,122.180476032745,Q2
875,Q1_UJcnNfeCN1c_3,F#,2,123.148831488315,Q1
876,Q2_L3_TadjSQQ0_1,g,1,121.817966623269,Q2
877,Q4_heBmBQDWj-M_1,B,2,121.801125703565,Q4
878,Q1_4dXC1cC7crw_0,g#,2,121.885896701318,Q1
879,Q2_78C_TpQDvVE_1,c#,2,121.71985220020201,Q2
880,Q4_g15aRCHUJEI_1,D#,2,122.03291128071699,Q4
881,Q2_--2B4d4lQhs_0,d,1,121.716009384426,Q2
882,Q4_ltxNPJda7zE_1,A,1,122.075769178792,Q4
883,Q4_egYSmNuIFGk_0,c,2,121.370490438093,Q4
884,Q1_K6OFDxBU370_0,C#,2,121.87775061124701,Q1
885,Q2_Uu-oRTRT6uQ_2,A,1,122.733906852566,Q2
886,Q4_biROWEwkDQQ_1,E,1,121.054221002059,Q4
887,Q2_CxFXrYgdSSI_2,d,1,121.30619649639999,Q2
888,Q4_prUUays30Mg_1,C,1,121.692189049245,Q4
889,Q2_qlbazHayULg_6,e,1,121.93572778828,Q2
890,Q1_zHwJG8Rrx6c_2,D#,2,121.60066694456002,Q1
891,Q1_2Z9SjI131jA_14,D#,2,122.082806002531,Q1
892,Q2_7n32BtYb4d4_0,A,1,121.42530157748199,Q2
893,Q1_Y5JcZQ0xg4Y_2,A#,2,122.003565372408,Q1
894,Q3_ltxNPJda7zE_2,A,1,121.69368177307301,Q3
895,Q3_ldCQ6N9G6Mk_3,D#,2,121.792786834222,Q3
896,Q4_vBHoSz8cJIE_3,B,2,121.548231025098,Q4
897,Q1_yFw_kO7DF-Y_1,d,1,122.061929479148,Q1
898,Q1_2Z9SjI131jA_13,G,1,121.889531307664,Q1
899,Q1_ZgT7yq2jsBk_0,G,1,121.32676859290001,Q1
900,Q2_7n32BtYb4d4_3,e,1,121.82560120439,Q2
901,Q2_jIKX3ShvLxo_1,a,1,121.460076045627,Q2
902,Q2__FVzelKlBFs_1,d,1,121.81288850421001,Q2
903,Q4_ltxNPJda7zE_4,A,1,122.593572353239,Q4
904,Q3_ii1Jw1-7Ka4_0,g,2,121.277799345571,Q3
905,Q2_rEz0D3VohFA_1,f#,1,121.88396909113199,Q2
906,Q1_BGf5nCdzPOc_0,A,1,121.64360108432,Q1
907,Q2_cQp1BYDGcRo_0,d,1,121.759584542538,Q2
908,Q4_rW1I58_lMEg_3,A#,2,121.513897102306,Q4
909,Q2_kKFwiXKlhC8_0,g,1,121.22228116710899,Q2
910,Q3_vVTP0DOL_2Q_0,c#,2,121.948991244766,Q3
911,Q1_jziI_cuN_H8_2,d,1,121.641200983011,Q1
912,Q4_ADJ_PDauy-g_1,a,1,122.48275862068998,Q4
913,Q3_H6_7DjsbROQ_3,g#,2,121.283029374913,Q3
914,Q4_OoxI6k0Qsno_1,c,2,122.16867469879499,Q4
915,Q3_uj3Gif77SYM_2,d#,2,122.00243351295,Q3
916,Q3_JNzqL24ZcZ8_2,c#,1,121.40680812089701,Q3
917,Q2_qlbazHayULg_11,G,1,121.72551956562401,Q2
918,Q2__FVzelKlBFs_2,c#,2,122.317208086091,Q2
919,Q4_pRuwHN-lI44_3,F#,2,121.15197120071998,Q4
920,Q1_e838BE_MH6s_4,D#,2,121.92948664266001,Q1
921,Q1_uqRLEByE6pU_2,F#,2,121.10331617383001,Q1
922,Q2_lFznCt5kvXM_0,A#,2,121.574846206425,Q2
923,Q4_ltNK_MY1HkM_2,E,1,122.084501945173,Q4
924,Q1_Cg2u_Ldjv8g_1,F,1,121.516987095075,Q1
925,Q2_eGQUZ9FlUJ4_1,G#,2,121.70635067580099,Q2
926,Q2_qlbazHayULg_10,e,1,121.27843746532,Q2
927,Q2_sEQf5lcnj_o_1,A#,1,121.82127188648701,Q2
928,Q2_k-FNDbK6Qhg_2,f,2,121.58040950715099,Q2
929,Q4_Tc684nD8CEA_0,D#,2,121.946028126188,Q4
930,Q2_0J7lX-Tcx-w_0,c#,2,122.30989022006099,Q2
931,Q1_GY3f6ckBVkA_3,c#,1,123.175740868367,Q1
932,Q4_E6MARl3zjnQ_0,c,2,121.09860766736601,Q4
933,Q2_ufRISSD28XA_1,g,2,121.823073271087,Q2
934,Q2_0H4rq0L9OSw_1,A#,2,122.39078551416401,Q2
935,Q3_c6CwY8Gbw0c_3,B,2,121.88204541741501,Q3
936,Q3_wqc8iqbDsGM_4,c,2,121.80755501510201,Q3
937,Q3_9Xg69XrVaYU_0,C,1,121.58628524217698,Q3
938,Q2_9v2WSpn4FCw_2,g,2,122.49027237354099,Q2
939,Q4_jNzZCplNNyY_1,G#,2,121.35135927739799,Q4
940,Q4_HQ8ISDX6PiI_0,c,2,121.172220808954,Q4
941,Q2_Dg935IbDggo_3,g,2,121.091969004005,Q2
942,Q4_k6aLLVX1D7Y_1,G,1,121.378897600096,Q4
943,Q4_d_49EtXDMFE_2,E,1,122.14096547879,Q4
944,Q1_V3Y9L4UOcpk_2,E,1,121.232909698997,Q1
945,Q3_uj3Gif77SYM_8,a#,2,121.362225441216,Q3
946,Q4_KRlAez34QfE_2,A#,2,121.781351476728,Q4
947,Q3_ijfxkQPAQdE_0,e,1,121.501613060905,Q3
948,Q3_Oku8sIpTMAE_3,d,1,121.724228250702,Q3
949,Q2_--2B4d4lQhs_1,d,1,121.57479238577,Q2
950,Q1_cB-Xh8H_7-Q_0,D,1,121.277126465452,Q1
951,Q2_QmK_SND2jAw_1,c,2,121.303536067892,Q2
952,Q1__BK2o77sTc0_1,D,1,122.01972386587799,Q1
953,Q3_zjr_-ql5Avk_0,G,1,121.815889029004,Q3
954,Q1_doM_LWo-74A_3,A,1,123.345919256462,Q1
955,Q1_6kRPHamGDSo_0,g,2,122.164294772439,Q1
956,Q1_vv6nrZ2myXw_3,D#,2,122.34468020149599,Q1
957,Q2_qlbazHayULg_1,d,1,121.301621377323,Q2
958,Q4_hoPp_GLXQis_1,C,1,121.81089365715599,Q4
959,Q1_1Qc15G0ZHIg_3,A,1,122.298483639266,Q1
960,Q3_7JIdJLkJ0S4_3,d#,2,121.440450140669,Q3
961,Q2_yrvKReuwVlY_1,C#,2,123.14131842661399,Q2
962,Q3_Ie5koh4qvJc_22,a,1,121.13113063969801,Q3
963,Q2_rEz0D3VohFA_2,f#,2,121.232184399818,Q2
964,Q4_Ie5koh4qvJc_20,F,1,121.470747821646,Q4
965,Q2_ivCNV47tsRw_3,f,2,121.73448262882499,Q2
966,Q2_61EA0xRX8gE_0,d,1,121.669202347316,Q2
967,Q1_fey-8bOR95E_2,e,1,122.48959965422199,Q1
968,Q2_mlHheZbblT0_1,C,1,122.4576,Q2
969,Q3_1cgO42sh-ZY_0,D,1,121.312072892938,Q3
970,Q1_J6X3rVU1H-c_2,c#,1,121.580843253628,Q1
971,Q4_MT2_mXn-vGU_0,E,1,121.47489037544399,Q4
972,Q1_im4Qxn3GQvo_1,A,1,122.233640329617,Q1
973,Q1_FfwKrQyQ7WU_0,D,1,121.50750809696699,Q1
974,Q4_5J_zI7QE9W8_1,B,2,121.77585941113001,Q4
975,Q1_2Z9SjI131jA_2,C,1,121.89286887939501,Q1
976,Q1_9v2WSpn4FCw_6,G,1,121.929648241206,Q1
977,Q1_8rupdevqfuI_1,C#,2,123.069953364424,Q1
978,Q1_FfwKrQyQ7WU_2,D,1,122.344203082871,Q1
979,Q2_ZdyiXIlKe_Y_0,f,2,121.892247043364,Q2
980,Q1_9v2WSpn4FCw_2,g,1,122.596934174932,Q1
981,Q4_JT1XJnVmABo_2,E,1,122.502851556135,Q4
982,Q4_OoxI6k0Qsno_0,D#,2,122.09597452808701,Q4
983,Q2_snfsc7pEzlk_2,g,1,122.002868692137,Q2
984,Q2_jIKX3ShvLxo_0,D,1,121.945699446861,Q2
985,Q2_7n32BtYb4d4_2,e,1,122.15166230855499,Q2
986,Q4_UpHutdJvZMI_1,C,1,121.935565169908,Q4
987,Q1_DX1IK3z1w10_1,C#,2,121.951963400686,Q1
988,Q4_e838BE_MH6s_0,A#,2,121.547555077915,Q4
989,Q2_Ie5koh4qvJc_7,D#,2,121.031587902124,Q2
990,Q4_I2MrA-o5H8I_1,G,1,121.878362954508,Q4
991,Q4_UbKAl4roB8k_0,e,1,121.599944446373,Q4
992,Q3_Ie5koh4qvJc_24,G,1,121.721072682453,Q3
993,Q2_3ZnxqCZ7qGg_1,a,1,121.83381088825199,Q2
994,Q2_0v2N1ROvEI0_0,g,2,121.301621377323,Q2
995,Q4_gxsdWKc1QaM_0,C,1,121.33287053106599,Q4
996,Q1_ldCQ6N9G6Mk_2,E,1,121.830823632246,Q1
997,Q3_0lEL_XHyhuU_0,D,1,122.05732654701299,Q3
998,Q4_pzeHffxmdcE_0,b,1,121.43065602781799,Q4
999,Q4_ADJ_PDauy-g_0,F,1,121.74347332576599,Q4
1000,Q3_wxXpvnmq_-E_0,d,1,121.507360157017,Q3
1001,Q1_zHwJG8Rrx6c_3,D#,2,122.214426450094,Q1
1002,Q4_5DqIntcmdRI_1,C#,2,121.400565332361,Q4
1003,Q3_Ie5koh4qvJc_5,G#,2,121.938496487316,Q3
1004,Q4_170KC2CbJ7Y_1,d,1,121.89341332128001,Q4
1005,Q1_gwmVjvR-sVs_1,a,1,122.744490768314,Q1
1006,Q2_8c7kcmsnf-s_1,C,1,121.868992090854,Q2
1007,Q3_xIsvaT20pZ0_1,a,1,121.307939030967,Q3
1008,Q2_eGQUZ9FlUJ4_0,D,1,121.30812468063401,Q2
1009,Q4_OgkB7PfqWzA_0,G#,2,121.965199590583,Q4
1010,Q3_nBIls0laAAU_2,a,1,121.574792385769,Q3
1011,Q3_wfXSdMsd4q8_4,A,1,121.24328845479299,Q3
1012,Q2__S991V8N-8s_1,d#,2,121.50357294351801,Q2
1013,Q3_Oku8sIpTMAE_2,d,1,122.20996594887501,Q3
1014,Q3_-vAz_HTFEXs_1,c,2,121.82842631537201,Q3
1015,Q1_zmZHNy9T8Pg_1,e,1,121.662037871957,Q1
1016,Q4_HYVmgq5Y93g_2,c#,1,121.51563990395701,Q4
1017,Q2_D5kyjnlDNZs_1,c,2,122.00347826087,Q2
1018,Q1_VXgRfsVd_o0_0,G,1,123.75550122249399,Q1
1019,Q1_Jn9r0avp0fY_2,A,1,121.632190422216,Q1
1020,Q3_ldCQ6N9G6Mk_4,D#,2,121.89481475389601,Q3
1021,Q2_b8HVQtIoBYU_1,e,1,121.623507028855,Q2
1022,Q1_s6-SbDSZzEU_0,D,1,122.069337165439,Q1
1023,Q3_E5qEloUO3SM_1,f#,1,121.407839662705,Q3
1024,Q2_9v2WSpn4FCw_6,g,2,120.69688308153,Q2
1025,Q1_GY3f6ckBVkA_1,c#,1,123.158544108575,Q1
1026,Q2_lalnGhxT3PQ_1,f,1,121.503425774877,Q2
1027,Q3_iwxwLEvqeD8_0,D,1,121.396956284484,Q3
1028,Q1_8izVTDgBQPc_0,D,1,121.742089145968,Q1
1029,Q1_8rupdevqfuI_2,G#,2,122.272189349112,Q1
1030,Q4_FyK_c-TIcCA_0,e,1,121.955608369053,Q4
1031,Q3_UuLTvhERcnk_1,d,1,121.448373408769,Q3
1032,Q4_OUb9uaOlWAM_0,d,1,121.25006782052,Q4
1033,Q2_0v2N1ROvEI0_1,a,1,123.72634643376999,Q2
1034,Q3_zvWX_dwQPtU_2,a,1,122.241136131511,Q3
1035,Q3_Oku8sIpTMAE_0,d,1,121.607142857143,Q3
1036,Q1_vv6nrZ2myXw_1,G#,2,121.523104382892,Q1
1037,Q4_GAvPwG2wYZM_1,E,1,121.886205485059,Q4
1038,Q1_94ROf10d1iA_2,C#,2,123.42449464922701,Q1
1039,Q2_DYBBfpEx-JI_1,F,1,122.003826752479,Q2
1040,Q3_wqc8iqbDsGM_2,c,2,121.63962425277501,Q3
1041,Q4_oTi57hZfArE_2,D,1,121.293328468382,Q4
1042,Q2_08t73Qgjkt4_0,B,2,121.42314463077899,Q2
1043,Q4_pRuwHN-lI44_2,F#,2,122.196482196482,Q4
1044,Q2_CxFXrYgdSSI_1,d#,2,121.30923968632798,Q2
1045,Q2_ijfxkQPAQdE_1,e,1,121.001325539451,Q2
1046,Q4_kfYaGryaGzI_1,C#,2,121.297589547195,Q4
1047,Q4_iHPKusssXzk_0,G#,2,121.627291026592,Q4
1048,Q4_XC_SiJszQx0_2,F,1,122.63118826015,Q4
1049,Q1_e8NQ2NH0nc8_0,A#,2,122.21432003844299,Q1
1050,Q1_JT1XJnVmABo_5,E,2,123.315346427801,Q1
1051,Q4_5J_zI7QE9W8_0,B,2,121.076710984415,Q4
1052,Q1_3ahg_eQZhxs_1,F,1,122.003565372408,Q1
1053,Q2_qlbazHayULg_0,d,1,121.15480039094801,Q2
1054,Q4_Xf2fox7zhCQ_0,C#,2,121.505046216154,Q4
1055,Q2_f2BXXa7lPuE_2,d,1,121.709579283223,Q2
1056,Q3_16OaOpfOPZ0_1,d,1,121.399671951886,Q3
1057,Q1_xrhWli_R98g_3,D,1,122.92664337885,Q1
1058,Q2_D5kyjnlDNZs_0,E,1,121.87507629705,Q2
1059,Q1_FfwKrQyQ7WU_1,D,1,121.85283474065099,Q1
1060,Q3_Ie5koh4qvJc_2,b,1,121.466255130938,Q3
1061,Q2_l-4Kce3YxxQ_1,b,1,121.79509154655199,Q2
1062,Q2_sEQf5lcnj_o_2,A#,1,121.70932561762699,Q2
1063,Q4_Dw7M69CidJ8_3,c,2,122.25263981228001,Q4
1064,Q3_REq37pDAm3A_4,D#,2,121.52982968692899,Q3
1065,Q3_uj3Gif77SYM_7,A#,2,121.717992692566,Q3
1066,Q4_6oLmO9ZSJt0_0,G,1,121.272963341529,Q4
1067,Q4_CkjAksZstEA_1,B,2,121.623964757709,Q4
1068,Q3_77z6Ep3aOmg_1,f#,1,121.316308166938,Q3
1069,Q4_fShAWhXIits_1,C,1,123.07918476444999,Q4
1070,Q1_bIx4DwkZxFY_1,G,1,121.892791127542,Q1
1071,Q2_7n32BtYb4d4_1,e,1,121.869978086194,Q2
1072,Q4_VCSDjQxAJzc_1,G,1,122.091978026967,Q4
1073,Q3_FUAK5TBaNY8_0,f,2,121.134807663892,Q3
1074,Q1_4dXC1cC7crw_1,B,2,121.851420306159,Q1
1075,Q3_AacIP9mDLw8_1,b,1,122.071942446043,Q3
1076,Q2_cFWdWpyvwag_0,e,1,122.204679201952,Q2
1077,Q3_v2an-9szi8M_0,F,1,121.688901920539,Q3
