songID,num_Q1,num_Q2,num_Q3,num_Q4,DominantQ
e8NQ2NH0nc8,1.0076602660567178,-0.5196106808732526,-0.4684996012024179,-0.6402720831294864,1
HQ8ISDX6PiI,-0.46947807850369805,-0.5196106808732526,-0.4684996012024179,0.9635162416026251,4
ZTrEoB8T9YA,-0.46947807850369805,1.7741839978105733,-0.4684996012024179,-0.6402720831294864,2
3N2G21U7guk,1.7462294383369255,-0.5196106808732526,-0.4684996012024179,2.5673045663347365,4
_8v0MFBZoco,1.0076602660567178,-0.5196106808732526,-0.4684996012024179,-0.6402720831294864,1
WpZ1rWHOCAQ,1.7462294383369255,-0.5196106808732526,-0.4684996012024179,-0.6402720831294864,1
iwxwLEvqeD8,-0.46947807850369805,0.2449875453546894,0.24813812870009483,-0.6402720831294864,2
f2b4kpdw7_c,-0.46947807850369805,-0.5196106808732526,-0.4684996012024179,0.9635162416026251,4
g-yM0Lsp4lc,-0.46947807850369805,-0.5196106808732526,0.9647758586026075,-0.6402720831294864,3
KRlAez34QfE,-0.46947807850369805,-0.5196106808732526,-0.4684996012024179,1.7654104039686809,4
SQDuF0qxGQw,1.7462294383369255,-0.5196106808732526,-0.4684996012024179,-0.6402720831294864,1
ldCQ6N9G6Mk,-0.46947807850369805,-0.5196106808732526,1.6814135885051202,1.7654104039686809,3
x5ibvz38jOs,-0.46947807850369805,1.0095857715826313,-0.4684996012024179,-0.6402720831294864,2
Tc684nD8CEA,-0.46947807850369805,-0.5196106808732526,-0.4684996012024179,3.369198728700793,4
0lEL_XHyhuU,-0.46947807850369805,-0.5196106808732526,2.398051318407633,-0.6402720831294864,3
77z6Ep3aOmg,-0.46947807850369805,-0.5196106808732526,0.9647758586026075,-0.6402720831294864,3
0J7lX-Tcx-w,-0.46947807850369805,1.7741839978105733,-0.4684996012024179,-0.6402720831294864,2
GAvPwG2wYZM,-0.46947807850369805,-0.5196106808732526,-0.4684996012024179,0.9635162416026251,4
-_FjI4bT2Wo,-0.46947807850369805,-0.5196106808732526,-0.4684996012024179,1.7654104039686809,4
snfsc7pEzlk,-0.46947807850369805,1.7741839978105733,-0.4684996012024179,-0.6402720831294864,2
7gifuoofgpk,-0.46947807850369805,-0.5196106808732526,-0.4684996012024179,0.9635162416026251,4
5J_zI7QE9W8,-0.46947807850369805,-0.5196106808732526,-0.4684996012024179,1.7654104039686809,4
yFw_kO7DF-Y,1.7462294383369255,-0.5196106808732526,-0.4684996012024179,-0.6402720831294864,1
IH2KrGjKXw0,0.26909109377650986,-0.5196106808732526,1.6814135885051202,-0.6402720831294864,3
7yW9c7t8Hq0,1.7462294383369255,-0.5196106808732526,-0.4684996012024179,0.1616220792365694,1
nGkpcWNAxDU,-0.46947807850369805,-0.5196106808732526,-0.4684996012024179,1.7654104039686809,4
ItGNJM6skM4,-0.46947807850369805,1.0095857715826313,0.24813812870009483,-0.6402720831294864,2
6wFJhmhNeeg,0.26909109377650986,-0.5196106808732526,-0.4684996012024179,-0.6402720831294864,1
V3Y9L4UOcpk,0.26909109377650986,-0.5196106808732526,-0.4684996012024179,0.9635162416026251,4
TonQX8XbvX8,-0.46947807850369805,-0.5196106808732526,2.398051318407633,-0.6402720831294864,3
bbU31JLtlug,-0.46947807850369805,-0.5196106808732526,0.9647758586026075,-0.6402720831294864,3
UuLTvhERcnk,-0.46947807850369805,-0.5196106808732526,0.9647758586026075,-0.6402720831294864,3
7JIdJLkJ0S4,-0.46947807850369805,-0.5196106808732526,2.398051318407633,-0.6402720831294864,3
FH28sPhm9Dc,-0.46947807850369805,-0.5196106808732526,0.9647758586026075,-0.6402720831294864,3
r_sD61KeUQU,-0.46947807850369805,-0.5196106808732526,-0.4684996012024179,0.1616220792365694,4
DvIH5yUrboc,-0.46947807850369805,-0.5196106808732526,-0.4684996012024179,1.7654104039686809,4
_S991V8N-8s,-0.46947807850369805,0.2449875453546894,0.24813812870009483,-0.6402720831294864,2
CkjAksZstEA,-0.46947807850369805,-0.5196106808732526,-0.4684996012024179,0.9635162416026251,4
3ahg_eQZhxs,1.0076602660567178,-0.5196106808732526,-0.4684996012024179,-0.6402720831294864,1
1kny88W533Q,-0.46947807850369805,2.538782224038515,0.24813812870009483,-0.6402720831294864,2
lQCrA2TE-fo,-0.46947807850369805,-0.5196106808732526,-0.4684996012024179,0.9635162416026251,4
epX33OVpkmA,-0.46947807850369805,1.7741839978105733,-0.4684996012024179,-0.6402720831294864,2
k4lT-sXg3iI,-0.46947807850369805,1.7741839978105733,-0.4684996012024179,-0.6402720831294864,2
TOXg4-ZGb-g,-0.46947807850369805,-0.5196106808732526,-0.4684996012024179,1.7654104039686809,4
a5QCcwEjxAk,-0.46947807850369805,-0.5196106808732526,-0.4684996012024179,0.9635162416026251,4
cB-Xh8H_7-Q,0.26909109377650986,-0.5196106808732526,-0.4684996012024179,-0.6402720831294864,1
0qYNvMCEwaw,-0.46947807850369805,0.2449875453546894,-0.4684996012024179,-0.6402720831294864,2
9Yb9OEVwups,0.26909109377650986,-0.5196106808732526,-0.4684996012024179,-0.6402720831294864,1
rW1I58_lMEg,-0.46947807850369805,-0.5196106808732526,-0.4684996012024179,2.5673045663347365,4
bIx4DwkZxFY,1.7462294383369255,-0.5196106808732526,-0.4684996012024179,-0.6402720831294864,1
sA9ac1rod84,-0.46947807850369805,-0.5196106808732526,-0.4684996012024179,0.9635162416026251,4
3ZnxqCZ7qGg,-0.46947807850369805,1.0095857715826313,0.24813812870009483,-0.6402720831294864,2
kMHiU0fhWVw,-0.46947807850369805,-0.5196106808732526,-0.4684996012024179,2.5673045663347365,4
FoTXpYZXxJs,-0.46947807850369805,-0.5196106808732526,-0.4684996012024179,0.9635162416026251,4
vBHoSz8cJIE,-0.46947807850369805,-0.5196106808732526,-0.4684996012024179,3.369198728700793,4
BzqX-9TA-GY,-0.46947807850369805,1.0095857715826313,0.24813812870009483,-0.6402720831294864,2
kfYaGryaGzI,-0.46947807850369805,-0.5196106808732526,-0.4684996012024179,0.9635162416026251,4
FyK_c-TIcCA,-0.46947807850369805,-0.5196106808732526,-0.4684996012024179,1.7654104039686809,4
sZe3IB1OVfw,1.0076602660567178,-0.5196106808732526,-0.4684996012024179,-0.6402720831294864,1
p2qihp_PnLY,-0.46947807850369805,-0.5196106808732526,0.9647758586026075,-0.6402720831294864,3
Xlv4PPGrRRs,-0.46947807850369805,-0.5196106808732526,-0.4684996012024179,0.9635162416026251,4
eGQUZ9FlUJ4,-0.46947807850369805,1.0095857715826313,-0.4684996012024179,-0.6402720831294864,2
PdwxeMPXOCk,1.7462294383369255,-0.5196106808732526,-0.4684996012024179,-0.6402720831294864,1
pNwQ9Tu_bCs,1.7462294383369255,-0.5196106808732526,-0.4684996012024179,-0.6402720831294864,1
ANZf1QXsNrY,3.961936955177549,1.0095857715826313,-0.4684996012024179,-0.6402720831294864,1
BaHHHgDd0BU,-0.46947807850369805,-0.5196106808732526,-0.4684996012024179,0.9635162416026251,4
6oLmO9ZSJt0,-0.46947807850369805,-0.5196106808732526,-0.4684996012024179,0.9635162416026251,4
kKFwiXKlhC8,-0.46947807850369805,1.0095857715826313,-0.4684996012024179,-0.6402720831294864,2
epMOLn5Axw0,-0.46947807850369805,-0.5196106808732526,0.24813812870009483,-0.6402720831294864,3
fey-8bOR95E,2.4847986106171334,-0.5196106808732526,-0.4684996012024179,-0.6402720831294864,1
Jn9r0avp0fY,2.4847986106171334,-0.5196106808732526,-0.4684996012024179,-0.6402720831294864,1
1Qc15G0ZHIg,1.7462294383369255,-0.5196106808732526,-0.4684996012024179,0.1616220792365694,1
AjN_5CdVUdw,-0.46947807850369805,-0.5196106808732526,-0.4684996012024179,0.1616220792365694,4
Wy2-my19YnY,1.0076602660567178,-0.5196106808732526,-0.4684996012024179,-0.6402720831294864,1
XfA2KXodrOE,-0.46947807850369805,1.0095857715826313,-0.4684996012024179,-0.6402720831294864,2
aYe-2Glruu4,2.4847986106171334,0.2449875453546894,-0.4684996012024179,-0.6402720831294864,1
sUJ4a74Skk8,0.26909109377650986,-0.5196106808732526,-0.4684996012024179,-0.6402720831294864,1
5NW0zDu6IYM,0.26909109377650986,1.0095857715826313,-0.4684996012024179,-0.6402720831294864,2
QmK_SND2jAw,-0.46947807850369805,1.0095857715826313,-0.4684996012024179,-0.6402720831294864,2
FUAK5TBaNY8,-0.46947807850369805,0.2449875453546894,1.6814135885051202,-0.6402720831294864,3
I2MrA-o5H8I,-0.46947807850369805,-0.5196106808732526,-0.4684996012024179,1.7654104039686809,4
wnB2cjd6zbE,0.26909109377650986,-0.5196106808732526,-0.4684996012024179,-0.6402720831294864,1
TYkTOwBfFB8,-0.46947807850369805,-0.5196106808732526,0.9647758586026075,-0.6402720831294864,3
qlbazHayULg,0.26909109377650986,7.1263715814061666,1.6814135885051202,-0.6402720831294864,2
Fc1qk52SaKY,1.0076602660567178,-0.5196106808732526,-0.4684996012024179,-0.6402720831294864,1
Uu-oRTRT6uQ,-0.46947807850369805,1.7741839978105733,-0.4684996012024179,-0.6402720831294864,2
jO2zX6Ul8GM,-0.46947807850369805,1.0095857715826313,-0.4684996012024179,0.1616220792365694,2
pRuwHN-lI44,-0.46947807850369805,-0.5196106808732526,-0.4684996012024179,2.5673045663347365,4
AacIP9mDLw8,-0.46947807850369805,1.0095857715826313,0.24813812870009483,-0.6402720831294864,2
iRu9KQvbtVw,-0.46947807850369805,-0.5196106808732526,0.24813812870009483,-0.6402720831294864,3
2Z9SjI131jA,9.870490333419212,-0.5196106808732526,-0.4684996012024179,0.9635162416026251,1
ezoAduuCkUs,-0.46947807850369805,0.2449875453546894,-0.4684996012024179,-0.6402720831294864,2
iGHgeUCPotc,-0.46947807850369805,-0.5196106808732526,-0.4684996012024179,0.1616220792365694,4
UTo7E0evQWw,-0.46947807850369805,0.2449875453546894,-0.4684996012024179,-0.6402720831294864,2
2v6gJi03LlA,-0.46947807850369805,-0.5196106808732526,0.9647758586026075,-0.6402720831294864,3
wqc8iqbDsGM,-0.46947807850369805,-0.5196106808732526,3.114689048310146,-0.6402720831294864,3
Ury1cdB79s0,-0.46947807850369805,-0.5196106808732526,-0.4684996012024179,0.9635162416026251,4
vv6nrZ2myXw,3.2233677828973413,-0.5196106808732526,-0.4684996012024179,-0.6402720831294864,1
YhXRyOl5pi0,-0.46947807850369805,-0.5196106808732526,-0.4684996012024179,0.1616220792365694,4
1A9Hh2GrDTs,-0.46947807850369805,-0.5196106808732526,-0.4684996012024179,0.1616220792365694,4
yC0fAQxGgr0,-0.46947807850369805,-0.5196106808732526,-0.4684996012024179,0.9635162416026251,4
XC_SiJszQx0,0.26909109377650986,0.2449875453546894,-0.4684996012024179,0.9635162416026251,4
x4B0raxVODA,-0.46947807850369805,-0.5196106808732526,2.398051318407633,-0.6402720831294864,3
QBJ6YYYpIyk,-0.46947807850369805,-0.5196106808732526,-0.4684996012024179,0.1616220792365694,4
uUtnyA6tLnI,-0.46947807850369805,-0.5196106808732526,-0.4684996012024179,0.1616220792365694,4
G4rL_OtfFAU,-0.46947807850369805,-0.5196106808732526,0.9647758586026075,-0.6402720831294864,3
12tDlCQVRtA,-0.46947807850369805,-0.5196106808732526,-0.4684996012024179,1.7654104039686809,4
5DqIntcmdRI,-0.46947807850369805,-0.5196106808732526,-0.4684996012024179,0.9635162416026251,4
8izVTDgBQPc,1.0076602660567178,-0.5196106808732526,-0.4684996012024179,-0.6402720831294864,1
veG92Oi-DlU,-0.46947807850369805,-0.5196106808732526,1.6814135885051202,-0.6402720831294864,3
cQp1BYDGcRo,-0.46947807850369805,1.0095857715826313,-0.4684996012024179,-0.6402720831294864,2
X1p8xcarVu0,-0.46947807850369805,-0.5196106808732526,2.398051318407633,-0.6402720831294864,3
HY9vPoHbgaI,2.4847986106171334,-0.5196106808732526,-0.4684996012024179,-0.6402720831294864,1
xrhWli_R98g,1.0076602660567178,-0.5196106808732526,-0.4684996012024179,0.9635162416026251,1
ltxNPJda7zE,-0.46947807850369805,-0.5196106808732526,0.24813812870009483,2.5673045663347365,4
By3JCii1k3w,-0.46947807850369805,-0.5196106808732526,1.6814135885051202,-0.6402720831294864,3
pzeHffxmdcE,-0.46947807850369805,-0.5196106808732526,-0.4684996012024179,0.1616220792365694,4
9Xg69XrVaYU,-0.46947807850369805,-0.5196106808732526,1.6814135885051202,-0.6402720831294864,3
1EDThWjNxOI,-0.46947807850369805,1.0095857715826313,-0.4684996012024179,-0.6402720831294864,2
NzJjMGJg1wE,-0.46947807850369805,-0.5196106808732526,-0.4684996012024179,0.1616220792365694,4
YAAxPW1GB7w,-0.46947807850369805,-0.5196106808732526,-0.4684996012024179,0.9635162416026251,4
1cgO42sh-ZY,-0.46947807850369805,-0.5196106808732526,0.24813812870009483,-0.6402720831294864,3
eVMSeElk81Q,1.7462294383369255,-0.5196106808732526,-0.4684996012024179,-0.6402720831294864,1
vJ77eDxHezE,-0.46947807850369805,-0.5196106808732526,-0.4684996012024179,0.9635162416026251,4
78C_TpQDvVE,-0.46947807850369805,1.0095857715826313,-0.4684996012024179,-0.6402720831294864,2
D5kyjnlDNZs,-0.46947807850369805,1.7741839978105733,-0.4684996012024179,-0.6402720831294864,2
PXOWy7NiZhk,-0.46947807850369805,-0.5196106808732526,0.9647758586026075,-0.6402720831294864,3
jziI_cuN_H8,1.7462294383369255,-0.5196106808732526,-0.4684996012024179,-0.6402720831294864,1
gSwv8hZGM-s,1.0076602660567178,-0.5196106808732526,-0.4684996012024179,-0.6402720831294864,1
fOYX0uH8mSQ,-0.46947807850369805,-0.5196106808732526,-0.4684996012024179,0.1616220792365694,4
JMt4m608s3k,-0.46947807850369805,1.7741839978105733,-0.4684996012024179,-0.6402720831294864,2
Q49PWE0RJLY,-0.46947807850369805,-0.5196106808732526,-0.4684996012024179,0.9635162416026251,4
Xsn9zT-05ns,1.0076602660567178,-0.5196106808732526,-0.4684996012024179,-0.6402720831294864,1
QJlnTN7HRwE,-0.46947807850369805,-0.5196106808732526,2.398051318407633,-0.6402720831294864,3
S7Bo4-NCEDk,-0.46947807850369805,1.7741839978105733,-0.4684996012024179,-0.6402720831294864,2
b8HVQtIoBYU,-0.46947807850369805,1.0095857715826313,-0.4684996012024179,-0.6402720831294864,2
hoPp_GLXQis,-0.46947807850369805,-0.5196106808732526,-0.4684996012024179,0.9635162416026251,4
2uLw9Zs60A4,-0.46947807850369805,0.2449875453546894,-0.4684996012024179,-0.6402720831294864,2
0v2N1ROvEI0,-0.46947807850369805,1.0095857715826313,-0.4684996012024179,-0.6402720831294864,2
_BK2o77sTc0,1.0076602660567178,-0.5196106808732526,-0.4684996012024179,0.1616220792365694,1
0wRQRwnQiqY,-0.46947807850369805,-0.5196106808732526,0.24813812870009483,-0.6402720831294864,3
4ydjOX3pWds,1.0076602660567178,-0.5196106808732526,-0.4684996012024179,-0.6402720831294864,1
lTxVVdhFE6Q,-0.46947807850369805,-0.5196106808732526,-0.4684996012024179,0.9635162416026251,4
5CEAeMiXKaA,-0.46947807850369805,0.2449875453546894,-0.4684996012024179,-0.6402720831294864,2
MT2_mXn-vGU,-0.46947807850369805,-0.5196106808732526,-0.4684996012024179,1.7654104039686809,4
zvWX_dwQPtU,-0.46947807850369805,-0.5196106808732526,1.6814135885051202,-0.6402720831294864,3
3As1t6JySDE,-0.46947807850369805,-0.5196106808732526,-0.4684996012024179,0.1616220792365694,4
ZvD8QSO7NPw,-0.46947807850369805,-0.5196106808732526,1.6814135885051202,-0.6402720831294864,3
VCSDjQxAJzc,-0.46947807850369805,-0.5196106808732526,-0.4684996012024179,1.7654104039686809,4
xYZ8n8ULaNo,-0.46947807850369805,-0.5196106808732526,0.9647758586026075,-0.6402720831294864,3
6Uf9XBUD3wE,1.0076602660567178,-0.5196106808732526,-0.4684996012024179,-0.6402720831294864,1
8rupdevqfuI,1.7462294383369255,-0.5196106808732526,-0.4684996012024179,-0.6402720831294864,1
MbvPxCUMSek,-0.46947807850369805,-0.5196106808732526,1.6814135885051202,-0.6402720831294864,3
dCoUuknChhE,-0.46947807850369805,-0.5196106808732526,0.24813812870009483,-0.6402720831294864,3
JxSU49jFKwM,-0.46947807850369805,-0.5196106808732526,-0.4684996012024179,0.9635162416026251,4
2w5XkAt_3WU,-0.46947807850369805,-0.5196106808732526,-0.4684996012024179,0.1616220792365694,4
1fdxsFbnsX4,-0.46947807850369805,-0.5196106808732526,-0.4684996012024179,0.9635162416026251,4
mX-xs3OVhTs,1.0076602660567178,-0.5196106808732526,-0.4684996012024179,-0.6402720831294864,1
9eMxCs-LXCE,-0.46947807850369805,-0.5196106808732526,-0.4684996012024179,1.7654104039686809,4
lFznCt5kvXM,-0.46947807850369805,0.2449875453546894,-0.4684996012024179,-0.6402720831294864,2
nBao46YGZDg,-0.46947807850369805,-0.5196106808732526,0.24813812870009483,-0.6402720831294864,3
yZGBxiNPu3k,-0.46947807850369805,0.2449875453546894,0.9647758586026075,-0.6402720831294864,3
cCfEDTkuMvg,-0.46947807850369805,-0.5196106808732526,0.24813812870009483,-0.6402720831294864,3
biROWEwkDQQ,0.26909109377650986,-0.5196106808732526,-0.4684996012024179,1.7654104039686809,4
Q5b5unyP8BM,-0.46947807850369805,1.0095857715826313,-0.4684996012024179,-0.6402720831294864,2
v3Nl5rUxLqE,-0.46947807850369805,-0.5196106808732526,-0.4684996012024179,0.9635162416026251,4
xgtwQGeB6_0,-0.46947807850369805,-0.5196106808732526,-0.4684996012024179,0.1616220792365694,4
g15aRCHUJEI,-0.46947807850369805,-0.5196106808732526,-0.4684996012024179,1.7654104039686809,4
UAm0aWvzFI8,-0.46947807850369805,1.0095857715826313,-0.4684996012024179,-0.6402720831294864,2
60LLKmpgzRM,0.26909109377650986,-0.5196106808732526,-0.4684996012024179,-0.6402720831294864,1
e838BE_MH6s,2.4847986106171334,-0.5196106808732526,-0.4684996012024179,0.1616220792365694,1
jrVXitpLGMk,-0.46947807850369805,1.7741839978105733,-0.4684996012024179,-0.6402720831294864,2
rDhbGjFlKF8,-0.46947807850369805,-0.5196106808732526,-0.4684996012024179,0.9635162416026251,4
uqRLEByE6pU,1.7462294383369255,-0.5196106808732526,-0.4684996012024179,-0.6402720831294864,1
prUUays30Mg,-0.46947807850369805,-0.5196106808732526,-0.4684996012024179,0.9635162416026251,4
PK8YIUaV3Xw,-0.46947807850369805,-0.5196106808732526,-0.4684996012024179,0.9635162416026251,4
_SJQaaRzD-A,1.0076602660567178,-0.5196106808732526,-0.4684996012024179,-0.6402720831294864,1
gvWDOIiocuE,-0.46947807850369805,0.2449875453546894,0.9647758586026075,-0.6402720831294864,3
4Er-eFHSHA4,-0.46947807850369805,-0.5196106808732526,2.398051318407633,-0.6402720831294864,3
8TYY0qG-KOw,-0.46947807850369805,0.2449875453546894,-0.4684996012024179,0.1616220792365694,2
7n32BtYb4d4,-0.46947807850369805,2.538782224038515,-0.4684996012024179,-0.6402720831294864,2
9v2WSpn4FCw,2.4847986106171334,4.067978676494399,-0.4684996012024179,0.1616220792365694,2
DhnX54kOW8U,-0.46947807850369805,0.2449875453546894,-0.4684996012024179,-0.6402720831294864,2
BIRDDxz0E4c,-0.46947807850369805,-0.5196106808732526,0.24813812870009483,0.1616220792365694,3
_vZOEQCYSaY,-0.46947807850369805,0.2449875453546894,0.9647758586026075,-0.6402720831294864,3
1TAKQK3s6qQ,-0.46947807850369805,0.2449875453546894,-0.4684996012024179,-0.6402720831294864,2
gwmVjvR-sVs,1.0076602660567178,-0.5196106808732526,-0.4684996012024179,0.1616220792365694,1
q4T8Znozvkk,-0.46947807850369805,-0.5196106808732526,-0.4684996012024179,0.1616220792365694,4
Oku8sIpTMAE,-0.46947807850369805,-0.5196106808732526,3.114689048310146,-0.6402720831294864,3
RiQMuhk_SuQ,-0.46947807850369805,1.7741839978105733,0.24813812870009483,-0.6402720831294864,2
s6-SbDSZzEU,1.0076602660567178,-0.5196106808732526,-0.4684996012024179,-0.6402720831294864,1
KxlqB3j0zys,1.0076602660567178,-0.5196106808732526,-0.4684996012024179,1.7654104039686809,4
VXh4IaR5C6s,-0.46947807850369805,-0.5196106808732526,-0.4684996012024179,0.1616220792365694,4
u_7b9CwyM8Q,-0.46947807850369805,-0.5196106808732526,-0.4684996012024179,0.9635162416026251,4
tfuul78deOs,-0.46947807850369805,-0.5196106808732526,0.9647758586026075,-0.6402720831294864,3
jSWItJI-Gmk,-0.46947807850369805,-0.5196106808732526,-0.4684996012024179,0.9635162416026251,4
FSzOgraSKhs,-0.46947807850369805,-0.5196106808732526,-0.4684996012024179,0.9635162416026251,4
TNoaOTrTkTQ,1.7462294383369255,-0.5196106808732526,-0.4684996012024179,-0.6402720831294864,1
yrvKReuwVlY,-0.46947807850369805,2.538782224038515,-0.4684996012024179,-0.6402720831294864,2
jCLgDtk695I,-0.46947807850369805,-0.5196106808732526,-0.4684996012024179,3.369198728700793,4
s5b8viFsVJE,1.7462294383369255,-0.5196106808732526,-0.4684996012024179,-0.6402720831294864,1
Gcbk0GPT3-g,-0.46947807850369805,-0.5196106808732526,-0.4684996012024179,0.9635162416026251,4
DYBBfpEx-JI,-0.46947807850369805,2.538782224038515,0.24813812870009483,-0.6402720831294864,2
ZgT7yq2jsBk,0.26909109377650986,-0.5196106808732526,-0.4684996012024179,-0.6402720831294864,1
OO7zYVeK814,-0.46947807850369805,-0.5196106808732526,1.6814135885051202,-0.6402720831294864,3
osxmQReE_2o,0.26909109377650986,-0.5196106808732526,-0.4684996012024179,-0.6402720831294864,1
iHPKusssXzk,-0.46947807850369805,-0.5196106808732526,-0.4684996012024179,1.7654104039686809,4
RL_cmmNVLfs,-0.46947807850369805,-0.5196106808732526,0.24813812870009483,-0.6402720831294864,3
V_jbWvQNh5c,-0.46947807850369805,-0.5196106808732526,-0.4684996012024179,0.9635162416026251,4
UE0y8MHqT-g,-0.46947807850369805,1.0095857715826313,0.24813812870009483,-0.6402720831294864,2
ufRISSD28XA,-0.46947807850369805,1.0095857715826313,-0.4684996012024179,-0.6402720831294864,2
cXxGBDgFCs8,-0.46947807850369805,-0.5196106808732526,-0.4684996012024179,1.7654104039686809,4
k6aLLVX1D7Y,-0.46947807850369805,-0.5196106808732526,-0.4684996012024179,1.7654104039686809,4
tw_lArYiHTo,-0.46947807850369805,-0.5196106808732526,0.24813812870009483,-0.6402720831294864,3
wlOa1jkTn_U,-0.46947807850369805,-0.5196106808732526,1.6814135885051202,-0.6402720831294864,3
2eIsQtm4YNs,-0.46947807850369805,-0.5196106808732526,0.9647758586026075,-0.6402720831294864,3
mGYKWCVnMwQ,-0.46947807850369805,-0.5196106808732526,-0.4684996012024179,0.9635162416026251,4
UOSlDydo94E,1.7462294383369255,-0.5196106808732526,-0.4684996012024179,-0.6402720831294864,1
nOIBJHkqrE8,0.26909109377650986,0.2449875453546894,-0.4684996012024179,-0.6402720831294864,1
uj3Gif77SYM,-0.46947807850369805,-0.5196106808732526,5.981239967920196,-0.6402720831294864,3
yhIncZ_Ue4E,-0.46947807850369805,1.7741839978105733,-0.4684996012024179,-0.6402720831294864,2
FOcdHIhI0_s,-0.46947807850369805,-0.5196106808732526,0.9647758586026075,-0.6402720831294864,3
Ie5koh4qvJc,1.0076602660567178,4.832576902722341,9.56442861743276,7.378669540531072,3
fShAWhXIits,-0.46947807850369805,-0.5196106808732526,-0.4684996012024179,0.9635162416026251,4
D-gDPh9ZpFk,-0.46947807850369805,1.7741839978105733,-0.4684996012024179,-0.6402720831294864,2
iFgSjUqI7iM,1.0076602660567178,-0.5196106808732526,-0.4684996012024179,-0.6402720831294864,1
NTI9ode6bRk,-0.46947807850369805,-0.5196106808732526,0.9647758586026075,-0.6402720831294864,3
S1T3UF1vhSk,-0.46947807850369805,1.0095857715826313,0.24813812870009483,-0.6402720831294864,2
K6OFDxBU370,1.0076602660567178,-0.5196106808732526,-0.4684996012024179,-0.6402720831294864,1
zHwJG8Rrx6c,2.4847986106171334,-0.5196106808732526,-0.4684996012024179,-0.6402720831294864,1
UbKAl4roB8k,-0.46947807850369805,-0.5196106808732526,-0.4684996012024179,1.7654104039686809,4
xIsvaT20pZ0,-0.46947807850369805,-0.5196106808732526,0.9647758586026075,-0.6402720831294864,3
ijfxkQPAQdE,-0.46947807850369805,1.0095857715826313,0.24813812870009483,-0.6402720831294864,2
VXgRfsVd_o0,1.7462294383369255,-0.5196106808732526,-0.4684996012024179,-0.6402720831294864,1
6kRPHamGDSo,1.7462294383369255,-0.5196106808732526,-0.4684996012024179,0.1616220792365694,1
z5ewpQwGDNw,-0.46947807850369805,1.7741839978105733,-0.4684996012024179,-0.6402720831294864,2
miqLU2739dk,0.26909109377650986,0.2449875453546894,-0.4684996012024179,-0.6402720831294864,1
Cg2u_Ldjv8g,1.0076602660567178,-0.5196106808732526,-0.4684996012024179,-0.6402720831294864,1
K84TcgjCRt4,-0.46947807850369805,-0.5196106808732526,1.6814135885051202,-0.6402720831294864,3
k-FNDbK6Qhg,-0.46947807850369805,1.0095857715826313,-0.4684996012024179,0.1616220792365694,2
im4Qxn3GQvo,1.7462294383369255,-0.5196106808732526,-0.4684996012024179,-0.6402720831294864,1
nFunbdBrukY,-0.46947807850369805,-0.5196106808732526,0.24813812870009483,-0.6402720831294864,3
ZdyiXIlKe_Y,-0.46947807850369805,1.0095857715826313,-0.4684996012024179,-0.6402720831294864,2
48EYLEAgaBc,-0.46947807850369805,1.0095857715826313,-0.4684996012024179,-0.6402720831294864,2
jTPXwbDtIpA,-0.46947807850369805,1.0095857715826313,0.24813812870009483,-0.6402720831294864,2
NP0lwB-_-og,0.26909109377650986,-0.5196106808732526,-0.4684996012024179,0.1616220792365694,1
c6CwY8Gbw0c,-0.46947807850369805,-0.5196106808732526,3.114689048310146,-0.6402720831294864,3
3TYeU9idRGI,-0.46947807850369805,-0.5196106808732526,-0.4684996012024179,0.9635162416026251,4
iXiSFSGws-c,-0.46947807850369805,-0.5196106808732526,-0.4684996012024179,1.7654104039686809,4
wzSr6qR3Ra0,-0.46947807850369805,-0.5196106808732526,-0.4684996012024179,0.1616220792365694,4
Xf2fox7zhCQ,-0.46947807850369805,-0.5196106808732526,-0.4684996012024179,1.7654104039686809,4
o20YCzej5_s,-0.46947807850369805,0.2449875453546894,-0.4684996012024179,-0.6402720831294864,2
doM_LWo-74A,3.2233677828973413,-0.5196106808732526,-0.4684996012024179,-0.6402720831294864,1
UaYYMRkHMYc,-0.46947807850369805,-0.5196106808732526,-0.4684996012024179,1.7654104039686809,4
1Q3MoBFh6eU,-0.46947807850369805,0.2449875453546894,0.9647758586026075,-0.6402720831294864,3
jIKX3ShvLxo,-0.46947807850369805,1.7741839978105733,-0.4684996012024179,-0.6402720831294864,2
r6laJv1-HMg,0.26909109377650986,-0.5196106808732526,-0.4684996012024179,-0.6402720831294864,1
Iq6g_4AwUWs,-0.46947807850369805,1.0095857715826313,-0.4684996012024179,-0.6402720831294864,2
22S3w4idugs,-0.46947807850369805,-0.5196106808732526,-0.4684996012024179,0.1616220792365694,4
Dg935IbDggo,-0.46947807850369805,2.538782224038515,-0.4684996012024179,-0.6402720831294864,2
ISCVfmBvYoM,-0.46947807850369805,-0.5196106808732526,0.24813812870009483,-0.6402720831294864,3
5Ju9q1N2x0E,0.26909109377650986,-0.5196106808732526,-0.4684996012024179,0.9635162416026251,4
f0NbGeyJYms,-0.46947807850369805,-0.5196106808732526,0.24813812870009483,-0.6402720831294864,3
0H4rq0L9OSw,-0.46947807850369805,1.0095857715826313,-0.4684996012024179,-0.6402720831294864,2
JYVXM0qNQAg,1.0076602660567178,0.2449875453546894,-0.4684996012024179,-0.6402720831294864,1
nBIls0laAAU,-0.46947807850369805,-0.5196106808732526,1.6814135885051202,-0.6402720831294864,3
170KC2CbJ7Y,-0.46947807850369805,-0.5196106808732526,-0.4684996012024179,0.9635162416026251,4
Dw7M69CidJ8,-0.46947807850369805,-0.5196106808732526,-0.4684996012024179,2.5673045663347365,4
6n8HgIcJ6vo,-0.46947807850369805,0.2449875453546894,-0.4684996012024179,-0.6402720831294864,2
kDGmND1BgmA,-0.46947807850369805,-0.5196106808732526,0.9647758586026075,-0.6402720831294864,3
bQS8eAXAhyE,1.7462294383369255,-0.5196106808732526,-0.4684996012024179,-0.6402720831294864,1
ii1Jw1-7Ka4,-0.46947807850369805,-0.5196106808732526,1.6814135885051202,-0.6402720831294864,3
OgkB7PfqWzA,-0.46947807850369805,-0.5196106808732526,-0.4684996012024179,0.9635162416026251,4
l-4Kce3YxxQ,-0.46947807850369805,3.303380450266457,-0.4684996012024179,-0.6402720831294864,2
DX1IK3z1w10,0.26909109377650986,-0.5196106808732526,-0.4684996012024179,0.1616220792365694,1
POaIGvLsp5M,1.0076602660567178,-0.5196106808732526,-0.4684996012024179,-0.6402720831294864,1
heBmBQDWj-M,-0.46947807850369805,-0.5196106808732526,-0.4684996012024179,1.7654104039686809,4
v2an-9szi8M,-0.46947807850369805,-0.5196106808732526,0.24813812870009483,-0.6402720831294864,3
vVTP0DOL_2Q,-0.46947807850369805,-0.5196106808732526,2.398051318407633,-0.6402720831294864,3
RaUSISlnhKw,1.7462294383369255,-0.5196106808732526,-0.4684996012024179,-0.6402720831294864,1
0c2dTJTDUR4,-0.46947807850369805,-0.5196106808732526,0.24813812870009483,0.1616220792365694,3
UJcnNfeCN1c,1.0076602660567178,0.2449875453546894,0.24813812870009483,-0.6402720831294864,1
OCqMDeD6Fmc,-0.46947807850369805,2.538782224038515,-0.4684996012024179,-0.6402720831294864,2
_FVzelKlBFs,-0.46947807850369805,1.7741839978105733,-0.4684996012024179,-0.6402720831294864,2
CxFXrYgdSSI,-0.46947807850369805,1.7741839978105733,-0.4684996012024179,-0.6402720831294864,2
16OaOpfOPZ0,-0.46947807850369805,1.0095857715826313,0.9647758586026075,-0.6402720831294864,2
j8Ir-ssM-AA,-0.46947807850369805,-0.5196106808732526,-0.4684996012024179,0.9635162416026251,4
PLfFWFZflQU,-0.46947807850369805,-0.5196106808732526,0.9647758586026075,-0.6402720831294864,3
f2BXXa7lPuE,-0.46947807850369805,2.538782224038515,-0.4684996012024179,-0.6402720831294864,2
H6_7DjsbROQ,-0.46947807850369805,-0.5196106808732526,3.114689048310146,-0.6402720831294864,3
lvfNo4KOTmM,-0.46947807850369805,-0.5196106808732526,-0.4684996012024179,0.9635162416026251,4
rrD7XMtPs0Q,-0.46947807850369805,-0.5196106808732526,0.24813812870009483,-0.6402720831294864,3
FfwKrQyQ7WU,2.4847986106171334,-0.5196106808732526,-0.4684996012024179,-0.6402720831294864,1
08t73Qgjkt4,-0.46947807850369805,1.7741839978105733,-0.4684996012024179,-0.6402720831294864,2
JT1XJnVmABo,1.7462294383369255,0.2449875453546894,0.24813812870009483,0.9635162416026251,1
IgpNyJVWcBo,-0.46947807850369805,-0.5196106808732526,-0.4684996012024179,0.1616220792365694,4
wfXSdMsd4q8,-0.46947807850369805,0.2449875453546894,3.114689048310146,-0.6402720831294864,3
zMa78n8ULtE,-0.46947807850369805,-0.5196106808732526,0.9647758586026075,-0.6402720831294864,3
k4dxAlI5N-k,1.0076602660567178,-0.5196106808732526,-0.4684996012024179,-0.6402720831294864,1
JP3QKZlyQz4,-0.46947807850369805,-0.5196106808732526,-0.4684996012024179,1.7654104039686809,4
E6MARl3zjnQ,-0.46947807850369805,-0.5196106808732526,-0.4684996012024179,0.1616220792365694,4
61EA0xRX8gE,-0.46947807850369805,3.303380450266457,-0.4684996012024179,0.1616220792365694,2
wxXpvnmq_-E,-0.46947807850369805,-0.5196106808732526,1.6814135885051202,-0.6402720831294864,3
0EWWyyV7RJA,-0.46947807850369805,-0.5196106808732526,0.24813812870009483,-0.6402720831294864,3
E5qEloUO3SM,-0.46947807850369805,-0.5196106808732526,0.24813812870009483,0.1616220792365694,3
4dXC1cC7crw,1.0076602660567178,-0.5196106808732526,-0.4684996012024179,-0.6402720831294864,1
0vLPYiPN7qY,1.7462294383369255,-0.5196106808732526,0.24813812870009483,-0.6402720831294864,1
B3aRl8iTEKw,-0.46947807850369805,-0.5196106808732526,-0.4684996012024179,0.9635162416026251,4
cFWdWpyvwag,-0.46947807850369805,1.0095857715826313,-0.4684996012024179,-0.6402720831294864,2
94ROf10d1iA,2.4847986106171334,-0.5196106808732526,-0.4684996012024179,-0.6402720831294864,1
lalnGhxT3PQ,-0.46947807850369805,1.0095857715826313,-0.4684996012024179,-0.6402720831294864,2
--2B4d4lQhs,-0.46947807850369805,1.7741839978105733,-0.4684996012024179,0.1616220792365694,2
8c7kcmsnf-s,-0.46947807850369805,1.7741839978105733,-0.4684996012024179,-0.6402720831294864,2
OUb9uaOlWAM,-0.46947807850369805,-0.5196106808732526,-0.4684996012024179,0.1616220792365694,4
TcFVq0leii4,-0.46947807850369805,1.0095857715826313,-0.4684996012024179,0.1616220792365694,2
P-We4q3goKU,-0.46947807850369805,4.067978676494399,0.24813812870009483,-0.6402720831294864,2
XPLYvpyfKUM,-0.46947807850369805,-0.5196106808732526,-0.4684996012024179,0.9635162416026251,4
egYSmNuIFGk,-0.46947807850369805,-0.5196106808732526,0.9647758586026075,0.1616220792365694,3
NGE9ynTJABg,1.7462294383369255,-0.5196106808732526,-0.4684996012024179,-0.6402720831294864,1
Y1F0c3zgMJo,-0.46947807850369805,-0.5196106808732526,-0.4684996012024179,0.9635162416026251,4
OoxI6k0Qsno,-0.46947807850369805,-0.5196106808732526,-0.4684996012024179,0.9635162416026251,4
HYVmgq5Y93g,-0.46947807850369805,-0.5196106808732526,-0.4684996012024179,1.7654104039686809,4
UpHutdJvZMI,-0.46947807850369805,-0.5196106808732526,-0.4684996012024179,1.7654104039686809,4
BGf5nCdzPOc,1.0076602660567178,-0.5196106808732526,-0.4684996012024179,-0.6402720831294864,1
3_MxhSS86oU,-0.46947807850369805,1.0095857715826313,-0.4684996012024179,-0.6402720831294864,2
REq37pDAm3A,-0.46947807850369805,0.2449875453546894,2.398051318407633,-0.6402720831294864,3
tLmXAWfbGqs,-0.46947807850369805,-0.5196106808732526,0.24813812870009483,-0.6402720831294864,3
Adil-zpJdEs,-0.46947807850369805,-0.5196106808732526,0.24813812870009483,-0.6402720831294864,3
38i12IPkL5c,-0.46947807850369805,1.7741839978105733,-0.4684996012024179,-0.6402720831294864,2
Kk60F8a7-Jw,-0.46947807850369805,0.2449875453546894,-0.4684996012024179,-0.6402720831294864,2
SlsXsqotUis,0.26909109377650986,-0.5196106808732526,-0.4684996012024179,-0.6402720831294864,1
kopwU6zpS4k,-0.46947807850369805,-0.5196106808732526,0.24813812870009483,-0.6402720831294864,3
02t1bj7ZABY,-0.46947807850369805,-0.5196106808732526,1.6814135885051202,-0.6402720831294864,3
bfopzItCYrE,-0.46947807850369805,0.2449875453546894,0.24813812870009483,0.1616220792365694,2
sEQf5lcnj_o,-0.46947807850369805,2.538782224038515,-0.4684996012024179,-0.6402720831294864,2
d_49EtXDMFE,-0.46947807850369805,-0.5196106808732526,-0.4684996012024179,1.7654104039686809,4
GbUV3TXUzeQ,1.0076602660567178,-0.5196106808732526,-0.4684996012024179,0.1616220792365694,1
PZN7XLKzLDI,-0.46947807850369805,0.2449875453546894,-0.4684996012024179,0.1616220792365694,2
QwsQ8ejbMKg,1.0076602660567178,-0.5196106808732526,-0.4684996012024179,-0.6402720831294864,1
oTi57hZfArE,-0.46947807850369805,-0.5196106808732526,-0.4684996012024179,1.7654104039686809,4
ADJ_PDauy-g,-0.46947807850369805,-0.5196106808732526,-0.4684996012024179,1.7654104039686809,4
J6X3rVU1H-c,1.0076602660567178,-0.5196106808732526,-0.4684996012024179,0.1616220792365694,1
qRceKZtwRWA,-0.46947807850369805,-0.5196106808732526,0.24813812870009483,0.1616220792365694,3
GwdQliEv6Z0,-0.46947807850369805,1.0095857715826313,-0.4684996012024179,-0.6402720831294864,2
cm6E860vDjY,-0.46947807850369805,1.7741839978105733,-0.4684996012024179,-0.6402720831294864,2
mlHheZbblT0,-0.46947807850369805,1.0095857715826313,-0.4684996012024179,-0.6402720831294864,2
JNzqL24ZcZ8,-0.46947807850369805,-0.5196106808732526,1.6814135885051202,-0.6402720831294864,3
AWNbcxXDmt0,-0.46947807850369805,0.2449875453546894,-0.4684996012024179,-0.6402720831294864,2
EtAbPc20mn8,-0.46947807850369805,0.2449875453546894,-0.4684996012024179,-0.6402720831294864,2
vpTguZtJAFA,-0.46947807850369805,-0.5196106808732526,-0.4684996012024179,1.7654104039686809,4
D3onzY4MNxE,-0.46947807850369805,-0.5196106808732526,0.9647758586026075,-0.6402720831294864,3
pouxqiySdI8,-0.46947807850369805,1.0095857715826313,-0.4684996012024179,-0.6402720831294864,2
UYh88SRZC24,1.0076602660567178,-0.5196106808732526,-0.4684996012024179,-0.6402720831294864,1
Hwd6l9jK7bo,-0.46947807850369805,-0.5196106808732526,-0.4684996012024179,0.9635162416026251,4
L3_TadjSQQ0,-0.46947807850369805,1.0095857715826313,-0.4684996012024179,-0.6402720831294864,2
fuCxYrru2S4,-0.46947807850369805,1.0095857715826313,0.24813812870009483,-0.6402720831294864,2
WQrPcuy50aA,-0.46947807850369805,1.0095857715826313,-0.4684996012024179,-0.6402720831294864,2
1vjy9oMFa8c,1.7462294383369255,-0.5196106808732526,-0.4684996012024179,1.7654104039686809,1
VrWAZLRdQO8,-0.46947807850369805,-0.5196106808732526,0.9647758586026075,-0.6402720831294864,3
o5AIp2Yc01M,1.0076602660567178,-0.5196106808732526,-0.4684996012024179,-0.6402720831294864,1
OyaY4213c2A,-0.46947807850369805,-0.5196106808732526,-0.4684996012024179,0.9635162416026251,4
zmZHNy9T8Pg,1.7462294383369255,-0.5196106808732526,-0.4684996012024179,-0.6402720831294864,1
XWk5XUEBXmg,-0.46947807850369805,-0.5196106808732526,-0.4684996012024179,0.9635162416026251,4
GY3f6ckBVkA,2.4847986106171334,-0.5196106808732526,-0.4684996012024179,-0.6402720831294864,1
rEz0D3VohFA,-0.46947807850369805,1.0095857715826313,0.24813812870009483,-0.6402720831294864,2
WBxql6cuU7c,-0.46947807850369805,0.2449875453546894,-0.4684996012024179,-0.6402720831294864,2
fnqb8zqHqdY,-0.46947807850369805,-0.5196106808732526,1.6814135885051202,-0.6402720831294864,3
T92R7xjce34,0.26909109377650986,-0.5196106808732526,-0.4684996012024179,0.1616220792365694,1
ilCcZpD39HU,-0.46947807850369805,-0.5196106808732526,3.114689048310146,-0.6402720831294864,3
aQ4PIaRMLwE,-0.46947807850369805,-0.5196106808732526,-0.4684996012024179,1.7654104039686809,4
-jJVb0xvbdg,-0.46947807850369805,1.0095857715826313,-0.4684996012024179,-0.6402720831294864,2
-vAz_HTFEXs,-0.46947807850369805,-0.5196106808732526,0.9647758586026075,-0.6402720831294864,3
dfNdpy8TUzA,1.7462294383369255,-0.5196106808732526,-0.4684996012024179,-0.6402720831294864,1
pbVGv_g4n50,-0.46947807850369805,-0.5196106808732526,0.24813812870009483,-0.6402720831294864,3
ivCNV47tsRw,-0.46947807850369805,2.538782224038515,-0.4684996012024179,-0.6402720831294864,2
ltNK_MY1HkM,-0.46947807850369805,-0.5196106808732526,-0.4684996012024179,1.7654104039686809,4
pkz8OkWhwnk,-0.46947807850369805,-0.5196106808732526,-0.4684996012024179,0.9635162416026251,4
Cir1kZyB7QM,-0.46947807850369805,-0.5196106808732526,-0.4684996012024179,0.9635162416026251,4
zjr_-ql5Avk,-0.46947807850369805,-0.5196106808732526,1.6814135885051202,-0.6402720831294864,3
gxsdWKc1QaM,-0.46947807850369805,-0.5196106808732526,-0.4684996012024179,0.1616220792365694,4
jNzZCplNNyY,-0.46947807850369805,-0.5196106808732526,-0.4684996012024179,0.9635162416026251,4
Y5JcZQ0xg4Y,2.4847986106171334,-0.5196106808732526,-0.4684996012024179,-0.6402720831294864,1
D8Ed5PZXfF4,-0.46947807850369805,-0.5196106808732526,0.24813812870009483,-0.6402720831294864,3
Tjno89OVuRI,-0.46947807850369805,-0.5196106808732526,-0.4684996012024179,0.9635162416026251,4
dtS02mrDMsM,-0.46947807850369805,3.303380450266457,-0.4684996012024179,-0.6402720831294864,2
_kJtgm1OUNA,1.7462294383369255,-0.5196106808732526,-0.4684996012024179,-0.6402720831294864,1
wS0RzrBL9UI,-0.46947807850369805,-0.5196106808732526,1.6814135885051202,-0.6402720831294864,3
